-7.2983,-7.8554,24.7495,#440154
-7.3591,-8.0172,24.6721,#440154
-7.4298,-8.1845,24.614,#440154
-7.5099,-8.3563,24.5759,#440154
-7.5989,-8.5313,24.5586,#440254
-7.6961,-8.7082,24.5628,#440255
-7.801,-8.8857,24.5891,#440255
-7.9128,-9.0621,24.6379,#440255
-8.0306,-9.2359,24.7093,#440255
-8.1535,-9.4053,24.8034,#440255
-8.2806,-9.5685,24.9201,#440355
-8.4107,-9.7234,25.0588,#440355
-8.5427,-9.8681,25.2189,#440355
-8.6754,-10.0005,25.3994,#440355
-8.8073,-10.1186,25.599,#440356
-8.9372,-10.2204,25.8159,#440356
-9.0635,-10.304,26.0482,#440456
-9.1848,-10.3676,26.2936,#440456
-9.2995,-10.4096,26.5494,#440456
-9.4063,-10.4288,26.8127,#440456
-9.5035,-10.4241,27.0802,#440456
-9.5899,-10.395,27.3486,#440456
-9.6641,-10.3412,27.6142,#440556
-9.725,-10.2629,27.8734,#440557
-9.7714,-10.1608,28.1225,#440557
-9.8026,-10.0362,28.358,#440557
-9.8179,-9.8905,28.5766,#440557
-9.817,-9.7259,28.7751,#440557
-9.7997,-9.5447,28.9507,#430657
-9.7661,-9.3496,29.101,#430657
-9.7166,-9.1437,29.2242,#430657
-9.6518,-8.9299,29.3189,#430657
-9.5725,-8.7115,29.3841,#430658
-9.48,-8.4917,29.4195,#430658
-9.3753,-8.2736,29.4252,#430758
-9.2601,-8.06,29.4018,#430758
-9.1359,-7.8536,29.3503,#430758
-9.0042,-7.6569,29.272,#430758
-8.867,-7.4721,29.1686,#430758
-8.7258,-7.3008,29.0421,#430758
-8.5825,-7.1446,28.8945,#430758
-8.4388,-7.0047,28.7282,#430859
-8.2963,-6.8819,28.5454,#430859
-8.1564,-6.7767,28.3484,#430859
-8.0208,-6.6896,28.1397,#430859
-7.8906,-6.6205,27.9215,#430859
-7.7671,-6.5695,27.6961,#430859
-7.6514,-6.5362,27.4656,#430959
-7.5444,-6.5204,27.2322,#430959
-7.4469,-6.5215,26.9977,#430959
-7.3595,-6.5391,26.7642,#43095a
-7.2829,-6.5724,26.5334,#43095a
-7.2176,-6.621,26.307,#43095a
-7.1637,-6.6842,26.0866,#430a5a
-7.1217,-6.7613,25.8739,#430a5a
-7.0917,-6.8516,25.6702,#430a5a
-7.0737,-6.9544,25.477,#430a5a
-7.0678,-7.0692,25.2957,#430a5a
-7.074,-7.1951,25.1276,#430a5a
-7.092,-7.3314,24.974,#430b5a
-7.1218,-7.4774,24.836,#430b5b
-7.163,-7.6323,24.7148,#430b5b
-7.2155,-7.7951,24.6116,#430b5b
-7.2788,-7.965,24.5275,#430b5b
-7.3526,-8.141,24.4633,#430b5b
-7.4363,-8.3219,24.4202,#430c5b
-7.5295,-8.5065,24.3989,#430c5b
-7.6315,-8.6936,24.4001,#430c5b
-7.7417,-8.8816,24.4246,#430c5b
-7.8592,-9.069,24.4728,#430c5c
-7.9833,-9.254,24.545,#430c5c
-8.1131,-9.4349,24.6413,#430d5c
-8.2474,-9.6097,24.7616,#430d5c
-8.3851,-9.7762,24.9056,#430d5c
-8.5251,-9.9323,25.0725,#430d5c
-8.6661,-10.0759,25.2615,#430d5c
-8.8066,-10.2047,25.4712,#430d5c
-8.9452,-10.3165,25.6998,#430d5c
-9.0804,-10.4092,25.9454,#430e5d
-9.2105,-10.4808,26.2056,#430e5d
-9.3339,-10.5296,26.4775,#430e5d
-9.4491,-10.554,26.758,#430e5d
-9.5544,-10.5529,27.0437,#430e5d
-9.6483,-10.5255,27.3309,#430e5d
-9.7294,-10.4715,27.6158,#420f5d
-9.7963,-10.391,27.8944,#420f5d
-9.8479,-10.2847,28.1626,#420f5d
-9.8834,-10.1537,28.4167,#420f5e
-9.9018,-9.9999,28.653,#420f5e
-9.9029,-9.8252,28.8678,#420f5e
-9.8863,-9.6324,29.0583,#42105e
-9.8522,-9.4243,29.2218,#42105e
-9.8009,-9.2043,29.3562,#42105e
-9.7331,-8.9756,29.4599,#42105e
-9.6497,-8.7417,29.532,#42105e
-9.5519,-8.5062,29.572,#42105e
-9.4411,-8.2724,29.58,#42115f
-9.3187,-8.0435,29.5567,#42115f
-9.1866,-7.8223,29.5032,#42115f
-9.0465,-7.6117,29.4209,#42115f
-8.9003,-7.4137,29.3119,#42115f
-8.7498,-7.2304,29.1781,#42115f
-8.597,-7.0634,29.0218,#42125f
-8.4437,-6.9138,28.8455,#42125f
-8.2916,-6.7826,28.6518,#42125f
-8.1424,-6.6702,28.4431,#421260
-7.9977,-6.5771,28.2219,#421260
-7.8588,-6.5032,27.9907,#421260
-7.727,-6.4484,27.752,#421360
-7.6034,-6.4124,27.5079,#421360
-7.4891,-6.3948,27.2607,#421360
-7.3848,-6.3951,27.0125,#421360
-7.2913,-6.4126,26.7652,#421360
-7.2092,-6.4467,26.5208,#421360
-7.139,-6.4967,26.2809,#421361
-7.0809,-6.5619,26.0472,#421461
-7.0352,-6.6418,25.8215,#421461
-7.0022,-6.7354,25.6051,#421461
-6.9819,-6.8422,25.3996,#421461
-6.9743,-6.9614,25.2064,#421461
-6.9793,-7.0924,25.0267,#421461
-6.9968,-7.2344,24.862,#421561
-7.0267,-7.3866,24.7135,#421561
-7.0687,-7.5482,24.5825,#421562
-7.1225,-7.7185,24.47,#421562
-7.1878,-7.8964,24.3773,#421562
-7.2641,-8.081,24.3054,#421562
-7.351,-8.2711,24.2553,#421662
-7.4479,-8.4657,24.2281,#421662
-7.5543,-8.6632,24.2245,#421662
-7.6695,-8.8623,24.2452,#421662
-7.7926,-9.0614,24.2909,#421662
-7.9229,-9.2586,24.3621,#421663
-8.0594,-9.452,24.4588,#421763
-8.2011,-9.6396,24.5811,#421763
-8.3467,-9.8192,24.7287,#421763
-8.4951,-9.9885,24.9011,#421763
-8.6449,-10.1452,25.0974,#421763
-8.7947,-10.2867,25.3162,#421763
-8.9428,-10.4107,25.5559,#411863
-9.0877,-10.5148,25.8145,#411863
-9.2277,-10.5969,26.0894,#411864
-9.361,-10.6549,26.3777,#411864
-9.4859,-10.687,26.6762,#411864
-9.6006,-10.6919,26.9812,#411864
-9.7036,-10.6685,27.2888,#411964
-9.7931,-10.6164,27.5949,#411964
-9.8678,-10.5357,27.895,#411964
-9.9263,-10.4267,28.1849,#411964
-9.9675,-10.2909,28.4604,#411964
-9.9907,-10.1298,28.7172,#411965
-9.9952,-9.9458,28.9517,#411965
-9.9808,-9.7417,29.1603,#411a65
-9.9475,-9.5205,29.3401,#411a65
-9.8956,-9.2858,29.4889,#411a65
-9.8258,-9.0414,29.6047,#411a65
-9.7391,-8.7909,29.6865,#411a65
-9.6366,-8.5383,29.7337,#411a65
-9.5199,-8.2872,29.7464,#411b65
-9.3907,-8.0412,29.7254,#411b65
-9.2507,-7.8034,29.6718,#411b66
-9.1019,-7.5767,29.5872,#411b66
-8.9463,-7.3637,29.4738,#411b66
-8.786,-7.1664,29.3337,#411b66
-8.6231,-6.9865,29.1694,#411c66
-8.4594,-6.8253,28.9838,#411c66
-8.2969,-6.6838,28.7793,#411c66
-8.1373,-6.5625,28.5589,#411c66
-7.9824,-6.4617,28.3251,#411c66
-7.8337,-6.3813,28.0807,#411c67
-7.6924,-6.3213,27.8281,#411d67
-7.5598,-6.2812,27.5698,#411d67
-7.437,-6.2605,27.3081,#411d67
-7.3248,-6.2587,27.0453,#411d67
-7.224,-6.275,26.7833,#411d67
-7.1352,-6.3087,26.5241,#411d67
-7.0588,-6.3592,26.2695,#411e67
-6.9954,-6.4256,26.0214,#411e67
-6.945,-6.5073,25.7812,#411e68
-6.9078,-6.6034,25.5507,#411e68
-6.8841,-6.7133,25.3313,#411e68
-6.8737,-6.8363,25.1245,#411e68
-6.8766,-6.9717,24.9316,#411e68
-6.8927,-7.1187,24.7541,#411f68
-6.9217,-7.2765,24.5932,#411f68
-6.9635,-7.4445,24.4502,#411f68
-7.0178,-7.6217,24.3264,#411f68
-7.0842,-7.8073,24.2229,#411f69
-7.1623,-8.0004,24.141,#411f69
-7.2516,-8.1997,24.0818,#412069
-7.3517,-8.4042,24.0462,#412069
-7.4619,-8.6125,24.0353,#412069
-7.5816,-8.8231,24.0499,#412069
-7.71,-9.0344,24.0908,#412069
-7.8462,-9.2446,24.1584,#412069
-7.9893,-9.4517,24.2531,#402169
-8.1383,-9.6536,24.3751,#40216a
-8.292,-9.8479,24.5243,#40216a
-8.449,-10.0322,24.7001,#40216a
-8.6081,-10.204,24.9019,#40216a
-8.7677,-10.3606,25.1283,#40216a
-8.9261,-10.4994,25.3778,#40226a
-9.0818,-10.6179,25.6484,#40226a
-9.2328,-10.7134,25.9376,#40226a
-9.3773,-10.7837,26.2423,#40226a
-9.5134,-10.8267,26.5592,#40226b
-9.6393,-10.8408,26.8845,#40226b
-9.7531,-10.8246,27.2139,#40236b
-9.853,-10.7775,27.543,#40236b
-9.9375,-10.6992,27.8672,#40236b
-10.0049,-10.5902,28.1816,#40236b
-10.0541,-10.4515,28.4817,#40236b
-10.0841,-10.285,28.7628,#40236b
-10.0941,-10.0929,29.0206,#40246b
-10.0838,-9.8781,29.2514,#40246c
-10.053,-9.6441,29.4517,#40246c
-10.0022,-9.3947,29.6188,#40246c
-9.9318,-9.1338,29.7508,#40246c
-9.8429,-8.8656,29.8461,#40246c
-9.7368,-8.5944,29.9042,#40246c
-9.615,-8.3243,29.925,#40256c
-9.4793,-8.059,29.9092,#40256c
-9.3316,-7.8023,29.8582,#40256c
-9.1741,-7.5572,29.7736,#40256d
-9.009,-7.3265,29.6577,#40256d
-8.8384,-7.1127,29.5129,#40256d
-8.6646,-6.9174,29.3419,#40266d
-8.4897,-6.7422,29.1477,#40266d
-8.3157,-6.588,28.9331,#40266d
-8.1447,-6.4554,28.7012,#40266d
-7.9784,-6.3447,28.4549,#40266d
-7.8185,-6.2558,28.197,#40266d
-7.6664,-6.1886,27.9302,#40276e
-7.5233,-6.1426,27.6571,#40276e
-7.3906,-6.1172,27.3802,#40276e
-7.269,-6.1116,27.1017,#40276e
-7.1593,-6.1253,26.8239,#40276e
-7.0623,-6.1573,26.5488,#40276e
-6.9785,-6.2068,26.2783,#40286e
-6.9081,-6.2732,26.0142,#40286e
-6.8515,-6.3555,25.7582,#40286e
-6.8089,-6.453,25.5118,#40286f
-6.7804,-6.565,25.2768,#40286f
-6.7659,-6.6907,25.0545,#40286f
-6.7653,-6.8295,24.8464,#40296f
-6.7786,-6.9806,24.6539,#40296f
-6.8056,-7.1433,24.4784,#40296f
-6.8461,-7.3168,24.3211,#40296f
-6.8997,-7.5004,24.1835,#40296f
-6.9661,-7.6932,24.0668,#40296f
-7.045,-7.8942,23.9722,#3f2a70
-7.1358,-8.1024,23.9009,#3f2a70
-7.2381,-8.3167,23.8542,#3f2a70
-7.3513,-8.5358,23.833,#3f2a70
-7.4748,-8.7582,23.8384,#3f2a70
-7.6077,-8.9822,23.8712,#3f2a70
-7.7494,-9.2061,23.9322,#3f2a70
-7.8988,-9.4279,24.0218,#3f2b70
-8.0548,-9.6452,24.1404,#3f2b70
-8.2164,-9.8559,24.2881,#3f2b71
-8.3823,-10.0572,24.4645,#3f2b71
-8.5509,-10.2465,24.6691,#3f2b71
-8.7209,-10.421,24.9008,#3f2b71
-8.8904,-10.5777,25.1581,#3f2c71
-9.0577,-10.7138,25.4391,#3f2c71
-9.2209,-10.8264,25.7413,#3f2c71
-9.3781,-10.913,26.0617,#3f2c71
-9.5272,-10.971,26.3969,#3f2c71
-9.6662,-10.9984,26.7429,#3f2c71
-9.793,-10.9936,27.0953,#3f2d72
-9.9057,-10.9554,27.4494,#3f2d72
-10.0024,-10.8835,27.8001,#3f2d72
-10.0814,-10.7779,28.1422,#3f2d72
-10.1412,-10.6397,28.4706,#3f2d72
-10.1807,-10.4704,28.7801,#3f2d72
-10.1989,-10.2723,29.066,#3f2e72
-10.1952,-10.0486,29.3239,#3f2e72
-10.1696,-9.8027,29.5498,#3f2e72
-10.122,-9.5387,29.7407,#3f2e73
-10.0532,-9.261,29.894,#3f2e73
-9.964,-8.9742,30.008,#3f2e73
-9.8557,-8.6829,30.0818,#3f2f73
-9.73,-8.3917,30.1152,#3f2f73
-9.5887,-8.1049,30.109,#3f2f73
-9.434,-7.8265,30.0642,#3f2f73
-9.268,-7.56,29.9829,#3f2f73
-9.0932,-7.3087,29.8673,#3f2f73
-8.9119,-7.075,29.7201,#3f3074
-8.7266,-6.8612,29.5443,#3f3074
-8.5396,-6.6687,29.343,#3f3074
-8.3531,-6.4987,29.1194,#3f3074
-8.1694,-6.3519,28.8767,#3f3074
-7.9903,-6.2285,28.6181,#3f3074
-7.8176,-6.1285,28.3468,#3f3074
-7.6529,-6.0516,28.0655,#3f3174
-7.4977,-5.9972,27.7771,#3f3174
-7.3532,-5.9648,27.4842,#3f3175
-7.2204,-5.9535,27.1892,#3f3175
-7.1001,-5.9625,26.8946,#3f3175
-6.9931,-5.9909,26.6022,#3f3175
-6.8998,-6.0379,26.3143,#3f3275
-6.8208,-6.1025,26.0326,#3f3275
-6.7563,-6.184,25.759,#3f3275
-6.7064,-6.2814,25.495,#3f3275
-6.6713,-6.3941,25.2423,#3f3275
-6.6509,-6.5212,25.0024,#3f3276
-6.6453,-6.6621,24.7767,#3e3376
-6.6543,-6.8161,24.5668,#3e3376
-6.6776,-6.9825,24.3741,#3e3376
-6.7151,-7.1605,24.1999,#3e3376
-6.7666,-7.3494,24.0456,#3e3376
-6.8316,-7.5484,23.9125,#3e3376
-6.9098,-7.7566,23.802,#3e3476
-7.0008,-7.9731,23.7154,#3e3476
-7.1041,-8.1967,23.654,#3e3477
-7.2191,-8.4262,23.6189,#3e3477
-7.3453,-8.6602,23.6112,#3e3477
-7.4819,-8.8971,23.6321,#3e3477
-7.6281,-9.1352,23.6825,#3e3577
-7.783,-9.3724,23.763,#3e3577
-7.9456,-9.6065,23.8742,#3e3577
-8.1148,-9.8351,24.0163,#3e3577
-8.2892,-10.0554,24.1894,#3e3577
-8.4675,-10.2647,24.3931,#3e3578
-8.6481,-10.4599,24.6264,#3e3678
-8.8293,-10.638,24.8883,#3e3678
-9.0092,-10.7956,25.1769,#3e3678
-9.1859,-10.9297,25.4899,#3e3678
-9.3572,-11.0372,25.8243,#3e3678
-9.5211,-11.1152,26.1769,#3e3678
-9.6753,-11.1613,26.5434,#3e3678
-9.8176,-11.1732,26.9194,#3e3778
-9.9457,-11.1495,27.2998,#3e3779
-10.0577,-11.0893,27.6794,#3e3779
-10.1514,-10.9923,28.0524,#3e3779
-10.2253,-10.8592,28.4131,#3e3779
-10.2778,-10.6913,28.7559,#3e3779
-10.3077,-10.4908,29.0753,#3e3879
-10.3142,-10.2609,29.3663,#3e3879
-10.2969,-10.0051,29.6244,#3e3879
-10.2559,-9.7278,29.8456,#3e3879
-10.1915,-9.4336,30.0271,#3e387a
-10.1047,-9.1276,30.1665,#3e387a
-9.9966,-8.8149,30.2625,#3e397a
-9.8689,-8.5006,30.3149,#3e397a
-9.7236,-8.1896,30.3239,#3e397a
-9.5629,-7.8864,30.2908,#3e397a
-9.3892,-7.595,30.2174,#3e397a
-9.205,-7.3192,30.1063,#3e397a
-9.0129,-7.0618,29.9602,#3e3a7a
-8.8156,-6.8253,29.7825,#3e3a7b
-8.6157,-6.6115,29.5764,#3e3a7b
-8.4156,-6.4218,29.3455,#3e3a7b
-8.2177,-6.2568,29.0933,#3e3a7b
-8.0241,-6.117,28.8233,#3e3a7b
-7.8369,-6.0023,28.5388,#3e3b7b
-7.6577,-5.9123,28.2431,#3e3b7b
-7.4883,-5.8466,27.939,#3e3b7b
-7.3298,-5.8043,27.6295,#3e3b7b
-7.1835,-5.7845,27.3172,#3e3b7c
-7.0503,-5.7864,27.0044,#3e3b7c
-6.9309,-5.8088,26.6936,#3d3c7c
-6.8261,-5.851,26.3867,#3d3c7c
-6.7361,-5.9118,26.0857,#3d3c7c
-6.6613,-5.9903,25.7925,#3d3c7c
-6.6019,-6.0858,25.5087,#3d3c7c
-6.5581,-6.1973,25.2361,#3d3c7c
-6.5297,-6.3241,24.9761,#3d3c7c
-6.5169,-6.4655,24.7304,#3d3d7d
-6.5194,-6.6207,24.5004,#3d3d7d
-6.5371,-6.7891,24.2875,#3d3d7d
-6.5697,-6.9701,24.0931,#3d3d7d
-6.6171,-7.1628,23.9188,#3d3d7d
-6.6788,-7.3667,23.7659,#3d3d7d
-6.7545,-7.5808,23.6358,#3d3e7d
-6.8439,-7.8043,23.5299,#3d3e7d
-6.9464,-8.0362,23.4495,#3d3e7d
-7.0617,-8.2754,23.3961,#3d3e7d
-7.189,-8.5205,23.3709,#3d3e7e
-7.3277,-8.77,23.3751,#3d3e7e
-7.4772,-9.0223,23.4099,#3d3f7e
-7.6364,-9.2753,23.4761,#3d3f7e
-7.8046,-9.5269,23.5746,#3d3f7e
-7.9805,-9.7747,23.706,#3d3f7e
-8.163,-10.0158,23.8705,#3d3f7e
-8.3506,-10.2475,24.068,#3d3f7e
-8.5418,-10.4665,24.2981,#3d407e
-8.7349,-10.6694,24.5598,#3d407f
-8.9281,-10.8529,24.8516,#3d407f
-9.1192,-11.0134,25.1715,#3d407f
-9.3062,-11.1474,25.5168,#3d407f
-9.4867,-11.2516,25.8842,#3d407f
-9.6583,-11.3228,26.2697,#3d417f
-9.8188,-11.3585,26.6687,#3d417f
-9.9655,-11.3565,27.0761,#3d417f
-10.0962,-11.3152,27.4861,#3d417f
-10.2086,-11.2338,27.8929,#3d4180
-10.3006,-11.1125,28.29,#3d4180
-10.3704,-10.9523,28.6713,#3d4280
-10.4165,-10.7551,29.0305,#3d4280
-10.4378,-10.5236,29.3617,#3d4280
-10.4335,-10.2617,29.6597,#3d4280
-10.4034,-9.9736,29.9197,#3d4280
-10.3477,-9.6645,30.138,#3d4280
-10.2671,-9.3397,30.3117,#3d4280
-10.1627,-9.0049,30.4388,#3d4381
-10.0361,-8.6658,30.5185,#3d4381
-9.8894,-8.3279,30.5508,#3d4381
-9.7247,-7.9964,30.5367,#3d4381
-9.5446,-7.6761,30.4781,#3d4381
-9.3519,-7.3711,30.3774,#3d4381
-9.1494,-7.0851,30.2378,#3d4481
-8.94,-6.8208,30.0625,#3d4481
-8.7265,-6.5805,29.8552,#3d4481
-8.5117,-6.3658,29.62,#3d4482
-8.2982,-6.1777,29.3605,#3d4482
-8.0884,-6.0166,29.0806,#3d4482
-7.8845,-5.8825,28.784,#3c4582
-7.6886,-5.7751,28.4742,#3c4582
-7.5024,-5.6938,28.1545,#3c4582
-7.3274,-5.6378,27.828,#3c4582
-7.1648,-5.6059,27.4974,#3c4582
-7.0159,-5.5973,27.1656,#3c4582
-6.8814,-5.6107,26.8348,#3c4683
-6.762,-5.6451,26.5073,#3c4683
-6.6581,-5.6993,26.1852,#3c4683
-6.5703,-5.7724,25.8703,#3c4683
-6.4986,-5.8634,25.5645,#3c4683
-6.4433,-5.9714,25.2695,#3c4683
-6.4042,-6.0956,24.9868,#3c4783
-6.3815,-6.2352,24.7181,#3c4783
-6.3749,-6.3895,24.4648,#3c4783
-6.3844,-6.5579,24.2285,#3c4784
-6.4096,-6.7397,24.0105,#3c4784
-6.4503,-6.9343,23.8124,#3c4784
-6.5063,-7.141,23.6356,#3c4884
-6.5771,-7.3592,23.4815,#3c4884
-6.6625,-7.588,23.3518,#3c4884
-6.7621,-7.8265,23.2477,#3c4884
-6.8753,-8.0738,23.1708,#3c4884
-7.0016,-8.3286,23.1226,#3c4884
-7.1405,-8.5897,23.1044,#3c4885
-7.2912,-8.8554,23.1175,#3c4985
-7.453,-9.1239,23.1631,#3c4985
-7.6251,-9.3932,23.2425,#3c4985
-7.8063,-9.6608,23.3563,#3c4985
-7.9956,-9.924,23.5052,#3c4985
-8.1915,-10.18,23.6897,#3c4985
-8.3927,-10.4255,23.9095,#3c4a85
-8.5975,-10.6569,24.1642,#3c4a85
-8.804,-10.8706,24.4528,#3c4a86
-9.0101,-11.0628,24.7735,#3c4a86
-9.2137,-11.2295,25.1242,#3c4a86
-9.4125,-11.3669,25.5017,#3c4a86
-9.6038,-11.4713,25.9025,#3c4b86
-9.7851,-11.5393,26.322,#3c4b86
-9.9537,-11.568,26.7551,#3c4b86
-10.107,-11.5551,27.1959,#3c4b86
-10.2425,-11.499,27.6382,#3c4b86
-10.3576,-11.3992,28.0752,#3c4b87
-10.4501,-11.2558,28.4999,#3c4c87
-10.5181,-11.0702,28.9053,#3c4c87
-10.5601,-10.8449,29.2848,#3c4c87
-10.5748,-10.5833,29.6319,#3c4c87
-10.5616,-10.2897,29.941,#3c4c87
-10.5204,-9.9693,30.2071,#3c4c87
-10.4516,-9.6279,30.4264,#3c4d87
-10.3561,-9.2716,30.5962,#3c4d87
-10.2353,-8.9069,30.7146,#3c4d88
-10.0911,-8.5399,30.7814,#3c4d88
-9.9259,-8.1767,30.7969,#3c4d88
-9.7422,-7.8229,30.7627,#3c4d88
-9.543,-7.4835,30.6814,#3b4e88
-9.3313,-7.1628,30.5558,#3b4e88
-9.1103,-6.8643,30.3898,#3b4e88
-8.8832,-6.5908,30.1871,#3b4e88
-8.6529,-6.3445,29.9521,#3b4e88
-8.4224,-6.1265,29.6891,#3b4e88
-8.1946,-5.9375,29.4021,#3b4e89
-7.9718,-5.7779,29.0954,#3b4f89
-7.7565,-5.6472,28.7728,#3b4f89
-7.5506,-5.5448,28.4381,#3b4f89
-7.3559,-5.4698,28.0946,#3b4f89
-7.1738,-5.4211,27.7454,#3b4f89
-7.0057,-5.3975,27.3935,#3b4f89
-6.8525,-5.3977,27.0415,#3b5089
-6.715,-5.4205,26.6918,#3b5089
-6.5938,-5.4646,26.3466,#3b508a
-6.4893,-5.5288,26.008,#3b508a
-6.4017,-5.6122,25.6777,#3b508a
-6.3314,-5.7136,25.3576,#3b508a
-6.2782,-5.8322,25.0493,#3b518a
-6.2422,-5.9672,24.7545,#3b518a
-6.2232,-6.1178,24.4746,#3b518a
-6.221,-6.2834,24.2111,#3b518a
-6.2356,-6.4634,23.9656,#3b518a
-6.2665,-6.6571,23.7395,#3b518b
-6.3136,-6.864,23.5343,#3b528b
-6.3765,-7.0835,23.3516,#3b528b
-6.4549,-7.3149,23.1928,#3b528b
-6.5484,-7.5575,23.0595,#3b528b
-6.6566,-7.8105,22.9532,#3b528b
-6.779,-8.0729,22.8756,#3b528b
-6.9151,-8.3434,22.8282,#3b528b
-7.0644,-8.6208,22.8126,#3b538b
-7.2262,-8.9033,22.8301,#3b538b
-7.3996,-9.1892,22.8821,#3b538b
-7.5838,-9.4762,22.97,#3b538b
-7.7777,-9.7617,23.0947,#3b538b
-7.9801,-10.0429,23.2569,#3b538b
-8.1898,-10.3167,23.4573,#3a538b
-8.405,-10.5795,23.6957,#3a538b
-8.624,-10.8274,23.9717,#3a548b
-8.8449,-11.0563,24.2842,#3a548b
-9.0655,-11.2621,24.6317,#3a548b
-9.2834,-11.4404,25.0115,#3a548b
-9.496,-11.5867,25.4206,#3a548b
-9.7006,-11.6972,25.8548,#3a548b
-9.8944,-11.7678,26.3093,#3a548b
-10.0743,-11.7954,26.7784,#3a548b
-10.2376,-11.7773,27.2555,#3a558b
-10.3814,-11.7119,27.7337,#3a558b
-10.5029,-11.5983,28.2055,#3a558b
-10.5997,-11.4371,28.6631,#3a558b
-10.6697,-11.2297,29.0988,#3a558b
-10.7112,-10.9791,29.5051,#3a558b
-10.723,-10.6892,29.875,#3a558b
-10.7043,-10.3651,30.2023,#3a558b
-10.6552,-10.0125,30.4817,#3a568b
-10.5761,-9.6382,30.7091,#39568b
-10.4681,-9.2491,30.8818,#39568b
-10.3329,-8.8523,30.9982,#39568b
-10.1728,-8.4547,31.0581,#39568b
-9.9903,-8.0631,31.0625,#39568b
-9.7884,-7.6835,31.0133,#39568b
-9.5704,-7.3212,30.9137,#39568b
-9.3397,-6.9807,30.7673,#39578b
-9.0998,-6.6657,30.5782,#39578b
-8.854,-6.379,30.3511,#39578b
-8.6058,-6.1223,30.0907,#39578b
-8.3583,-5.8969,29.8016,#39578b
-8.1145,-5.7033,29.4885,#39578b
-7.8769,-5.5412,29.1559,#39578b
-7.6481,-5.4101,28.8078,#39578b
-7.43,-5.309,28.4482,#39588b
-7.2244,-5.2369,28.0807,#39588b
-7.0329,-5.1922,27.7083,#39588b
-6.8566,-5.1736,27.3341,#39588b
-6.6966,-5.1795,26.9608,#38588b
-6.5534,-5.2087,26.5907,#38588b
-6.4278,-5.2596,26.226,#38588b
-6.3199,-5.3311,25.8688,#38588b
-6.2301,-5.422,25.5208,#38598b
-6.1583,-5.5313,25.1838,#38598b
-6.1046,-5.658,24.8594,#38598b
-6.0689,-5.8013,24.5493,#38598b
-6.051,-5.9606,24.2548,#38598b
-6.0508,-6.1352,23.9775,#38598b
-6.0678,-6.3245,23.719,#38598b
-6.102,-6.528,23.4805,#38598b
-6.1529,-6.7453,23.2638,#385a8b
-6.2204,-6.9758,23.0704,#385a8b
-6.3039,-7.2189,22.9018,#385a8b
-6.4032,-7.4739,22.7597,#385a8b
-6.5179,-7.7402,22.6457,#385a8b
-6.6475,-8.0168,22.5615,#385a8b
-6.7916,-8.3025,22.5088,#385a8b
-6.9495,-8.5961,22.4893,#385a8b
-7.1207,-8.8959,22.5047,#375b8b
-7.3043,-9.2001,22.5565,#375b8b
-7.4995,-9.5064,22.6461,#375b8b
-7.7053,-9.8121,22.7749,#375b8b
-7.9204,-10.1143,22.9438,#375b8b
-8.1436,-10.4095,23.1536,#375b8b
-8.3731,-10.6941,23.4044,#375b8b
-8.6071,-10.9638,23.696,#375b8b
-8.8437,-11.2142,24.0275,#375c8b
-9.0804,-11.4405,24.3974,#375c8b
-9.3148,-11.638,24.8031,#375c8b
-9.5441,-11.8017,25.2414,#375c8b
-9.7653,-11.927,25.7081,#375c8b
-9.9754,-12.0095,26.1978,#375c8b
-10.1711,-12.0452,26.7046,#375c8b
-10.3491,-12.0312,27.2214,#375c8b
-10.5064,-11.9652,27.7404,#375d8b
-10.6399,-11.8463,28.2533,#375d8b
-10.7468,-11.6747,28.7515,#375d8b
-10.8248,-11.4521,29.2263,#365d8b
-10.8717,-11.1814,29.6693,#365d8b
-10.8863,-10.8671,30.0727,#365d8b
-10.8677,-10.5148,30.4293,#365d8b
-10.8158,-10.1312,30.7335,#365e8b
-10.7311,-9.7235,30.9805,#365e8b
-10.6148,-9.2997,31.1673,#365e8b
-10.4688,-8.8678,31.2922,#365e8b
-10.2955,-8.4356,31.3552,#365e8b
-10.0979,-8.0106,31.3575,#365e8b
-9.8792,-7.5994,31.3016,#365e8b
-9.6431,-7.208,31.191,#365e8b
-9.3935,-6.8413,31.0298,#365f8b
-9.134,-6.5031,30.823,#365f8b
-8.8685,-6.1963,30.5756,#365f8b
-8.6007,-5.9228,30.2931,#365f8b
-8.3341,-5.6836,29.9806,#365f8b
-8.0717,-5.479,29.6431,#365f8b
-7.8164,-5.3086,29.2856,#365f8b
-7.5709,-5.1715,28.9126,#355f8b
-7.3372,-5.0665,28.528,#35608b
-7.1173,-4.9922,28.1357,#35608b
-6.9126,-4.9468,27.7391,#35608b
-6.7245,-4.9287,27.3412,#35608b
-6.5538,-4.9363,26.9446,#35608b
-6.4012,-4.9678,26.5519,#35608b
-6.2672,-5.0218,26.1652,#35608b
-6.1522,-5.0969,25.7865,#35608b
-6.0562,-5.1918,25.4177,#35618b
-5.9793,-5.3055,25.0603,#35618b
-5.9214,-5.437,24.7161,#35618b
-5.8823,-5.5854,24.3865,#35618b
-5.8619,-5.7502,24.0731,#35618b
-5.8599,-5.9306,23.7773,#35618b
-5.876,-6.1263,23.5005,#35618b
-5.9099,-6.3367,23.2444,#35618b
-5.9613,-6.5615,23.0103,#35628b
-6.0298,-6.8003,22.8,#35628b
-6.1152,-7.0525,22.615,#34628b
-6.2171,-7.3176,22.457,#34628b
-6.3352,-7.5951,22.3277,#34628b
-6.469,-7.8841,22.2291,#34628b
-6.6181,-8.1837,22.1629,#34628b
-6.7819,-8.4926,22.1309,#34628b
-6.96,-8.8094,22.1351,#34638b
-7.1516,-9.1322,22.1772,#34638b
-7.3558,-9.4588,22.259,#34638b
-7.5718,-9.7867,22.3821,#34638b
-7.7984,-10.1127,22.5478,#34638b
-8.0342,-10.4335,22.7571,#34638b
-8.2777,-10.7451,23.0107,#34638b
-8.527,-11.0431,23.3087,#34638b
-8.7802,-11.3226,23.6506,#34648b
-9.0347,-11.5786,24.0351,#34648b
-9.288,-11.8057,24.46,#34648b
-9.5372,-11.9983,24.9224,#34648b
-9.7791,-12.151,25.4179,#34648b
-10.0104,-12.2586,25.9413,#33648b
-10.2276,-12.3165,26.4863,#33648b
-10.427,-12.3208,27.0454,#33648b
-10.6052,-12.2684,27.6103,#33658b
-10.7585,-12.1577,28.1719,#33658b
-10.884,-11.9884,28.7206,#33658b
-10.9785,-11.7618,29.2465,#33658b
-11.0399,-11.4807,29.7401,#33658b
-11.0662,-11.1497,30.1924,#33658b
-11.0563,-10.7747,30.595,#33658b
-11.0099,-10.363,30.9411,#33658b
-10.9272,-9.9227,31.2252,#33668b
-10.8095,-9.4627,31.4433,#33668b
-10.6586,-8.992,31.5935,#33668b
-10.4771,-8.5197,31.6753,#33668b
-10.2683,-8.0542,31.6901,#33668b
-10.0356,-7.6033,31.6404,#33668b
-9.7832,-7.1736,31.5301,#33668b
-9.5151,-6.7707,31.3641,#33668b
-9.2357,-6.3992,31.1477,#33678b
-8.9492,-6.0622,30.8869,#32678b
-8.6596,-5.7618,30.5875,#32678b
-8.3709,-5.499,30.2554,#32678b
-8.0864,-5.2742,29.8963,#32678b
-7.8094,-5.0866,29.5156,#32678b
-7.5427,-4.9353,29.1182,#32678b
-7.2887,-4.8186,28.7086,#32678b
-7.0493,-4.735,28.2908,#32688b
-6.8263,-4.6823,27.8684,#32688b
-6.6209,-4.6586,27.4447,#32688b
-6.4341,-4.662,27.0225,#32688b
-6.2667,-4.6906,26.6042,#32688b
-6.119,-4.7426,26.1922,#32688b
-5.9914,-4.8165,25.7883,#32688b
-5.884,-4.9108,25.3945,#32688b
-5.7968,-5.0245,25.0124,#32698b
-5.7295,-5.1564,24.6435,#32698b
-5.6821,-5.3057,24.2894,#32698b
-5.6541,-5.4718,23.9515,#32698b
-5.6455,-5.6539,23.6313,#31698b
-5.6557,-5.8518,23.3301,#31698b
-5.6846,-6.065,23.0494,#31698b
-5.7317,-6.2932,22.7908,#31698b
-5.7968,-6.5362,22.5559,#316a8b
-5.8795,-6.7936,22.3462,#316a8b
-5.9795,-7.065,22.1635,#316a8b
-6.0965,-7.3501,22.0097,#316a8b
-6.2301,-7.6482,21.8865,#316a8b
-6.38,-7.9586,21.796,#316a8b
-6.5457,-8.2803,21.7402,#316a8b
-6.7267,-8.612,21.7212,#316a8b
-6.9225,-8.9522,21.7411,#316b8b
-7.1324,-9.2988,21.8018,#316b8b
-7.3555,-9.6495,21.9054,#316b8b
-7.5908,-10.0013,22.0536,#316b8b
-7.8372,-10.351,22.248,#316b8b
-8.0931,-10.6945,22.4898,#316b8b
-8.3568,-11.0274,22.7798,#316b8b
-8.6265,-11.3447,23.1179,#306b8b
-8.8997,-11.6409,23.5038,#306c8b
-9.1738,-11.9102,23.9357,#306c8b
-9.4459,-12.1463,24.4114,#306c8b
-9.7127,-12.3431,24.927,#306c8b
-9.9707,-12.4944,25.4778,#306c8b
-10.2162,-12.5943,26.0575,#306c8b
-10.445,-12.6378,26.6587,#306c8b
-10.6534,-12.6205,27.2727,#306d8b
-10.8372,-12.5396,27.8898,#306d8b
-10.9926,-12.3934,28.4995,#306d8b
-11.1162,-12.1823,29.0908,#306d8b
-11.2049,-11.9083,29.6527,#306d8b
-11.2562,-11.5754,30.1745,#306d8b
-11.2683,-11.1895,30.6462,#306d8b
-11.2402,-10.758,31.0591,#306d8b
-11.1719,-10.2897,31.4061,#306e8b
-11.0642,-9.7945,31.6818,#306e8b
-10.9187,-9.2826,31.883,#306e8b
-10.738,-8.7643,32.0084,#2f6e8b
-10.5252,-8.2497,32.0586,#2f6e8b
-10.2842,-7.7479,32.0363,#2f6e8b
-10.0194,-7.2671,31.9452,#2f6e8b
-9.7353,-6.814,31.7906,#2f6e8b
-9.4368,-6.3943,31.5785,#2f6f8b
-9.1284,-6.0119,31.3155,#2f6f8b
-8.8149,-5.6694,31.0082,#2f6f8b
-8.5007,-5.3684,30.6635,#2f6f8b
-8.1898,-5.1092,30.2877,#2f6f8b
-7.8858,-4.8912,29.8869,#2f6f8b
-7.5919,-4.7133,29.4669,#2f6f8b
-7.3109,-4.5736,29.0326,#2f6f8b
-7.0451,-4.4701,28.5887,#2f708b
-6.7964,-4.4005,28.139,#2f708b
-6.5663,-4.3624,27.6871,#2f708b
-6.356,-4.3535,27.2362,#2f708b
-6.1661,-4.3717,26.7888,#2f708b
-5.9972,-4.4148,26.3473,#2f708b
-5.8497,-4.4811,25.9138,#2f708b
-5.7235,-4.5688,25.4901,#2e708b
-5.6187,-4.6766,25.0778,#2e718b
-5.535,-4.8033,24.6786,#2e718b
-5.4722,-4.9479,24.2938,#2e718b
-5.43,-5.1097,23.9249,#2e718b
-5.408,-5.2881,23.5732,#2e718b
-5.4059,-5.4826,23.2401,#2e718b
-5.4233,-5.693,22.927,#2e718b
-5.4597,-5.9189,22.6353,#2e718b
-5.515,-6.1603,22.3666,#2e728c
-5.5887,-6.417,22.1225,#2e728c
-5.6806,-6.6889,21.9046,#2e728c
-5.7903,-6.9757,21.7148,#2e728c
-5.9175,-7.2771,21.5549,#2e728c
-6.0621,-7.5927,21.4271,#2e728c
-6.2236,-7.9219,21.3334,#2e728c
-6.4016,-8.2638,21.2761,#2e728c
-6.5958,-8.6171,21.2575,#2e738c
-6.8057,-8.9803,21.2799,#2e738c
-7.0305,-9.3514,21.3457,#2d738c
-7.2696,-9.728,21.4571,#2d738c
-7.5218,-10.107,21.6164,#2d738c
-7.7862,-10.4849,21.8253,#2d738c
-8.0611,-10.8574,22.0855,#2d738c
-8.3448,-11.2195,22.3981,#2d738c
-8.6353,-11.566,22.7635,#2d748c
-8.93,-11.8905,23.1813,#2d748c
-9.2263,-12.1865,23.6502,#2d748c
-9.521,-12.447,24.1676,#2d748c
-9.8103,-12.6649,24.7299,#2d748c
-10.0905,-12.833,25.3317,#2d748c
-10.3574,-12.9446,25.9662,#2d748c
-10.6065,-12.9935,26.6252,#2d748c
-10.8333,-12.9749,27.299,#2d758c
-11.0333,-12.885,27.9766,#2d758c
-11.2022,-12.722,28.6461,#2d758c
-11.336,-12.4862,29.2949,#2d758c
-11.4312,-12.1799,29.9104,#2d758c
-11.4849,-11.8078,30.4803,#2c758c
-11.4952,-11.3766,30.9935,#2c758c
-11.461,-10.8952,31.4399,#2c758c
-11.3822,-10.3739,31.8118,#2c768c
-11.2599,-9.824,32.1033,#2c768c
-11.0959,-9.2574,32.3112,#2c768c
-10.8933,-8.686,32.4345,#2c768c
-10.6558,-8.1212,32.4746,#2c768c
-10.3879,-7.5732,32.4347,#2c768c
-10.0946,-7.0511,32.32,#2c768c
-9.781,-6.5622,32.1368,#2c768c
-9.4526,-6.1122,31.8923,#2c778c
-9.1147,-5.7052,31.594,#2c778c
-8.7724,-5.3435,31.2498,#2c778c
-8.4304,-5.0283,30.8673,#2c778c
-8.0933,-4.7593,30.4537,#2c778c
-7.7649,-4.5354,30.0156,#2c778c
-7.4485,-4.3548,29.5591,#2c778c
-7.147,-4.2152,29.0895,#2c778c
-6.8628,-4.1139,28.6117,#2b788c
-6.5977,-4.048,28.1295,#2b788c
-6.3533,-4.0149,27.6467,#2b788c
-6.1304,-4.0117,27.1661,#2b788c
-5.9297,-4.0361,26.6905,#2b788c
-5.7517,-4.0856,26.222,#2b788c
-5.5965,-4.1583,25.7625,#2b788c
-5.464,-4.2523,25.3139,#2b788c
-5.3541,-4.3663,24.8777,#2b798c
-5.2664,-4.499,24.4551,#2b798c
-5.2005,-4.6494,24.0477,#2b798c
-5.156,-4.8169,23.6566,#2b798c
-5.1325,-5.0008,23.2831,#2b798c
-5.1295,-5.201,22.9286,#2b798c
-5.1466,-5.4171,22.5943,#2b798c
-5.1835,-5.649,22.2816,#2b798c
-5.2396,-5.8969,21.9921,#2b7a8c
-5.3148,-6.1607,21.7272,#2b7a8c
-5.4087,-6.4405,21.4887,#2b7a8c
-5.5211,-6.7362,21.2785,#2a7a8c
-5.6517,-7.0479,21.0984,#2a7a8c
-5.8003,-7.3753,20.9506,#2a7a8c
-5.9666,-7.718,20.8374,#2a7a8c
-6.1504,-8.0754,20.7611,#2a7a8c
-6.3515,-8.4466,20.7243,#2a7b8c
-6.5693,-8.8302,20.7297,#2a7b8c
-6.8035,-9.2245,20.7798,#2a7b8c
-7.0533,-9.6273,20.8775,#2a7b8c
-7.318,-10.0357,21.0253,#2a7b8c
-7.5964,-10.4461,21.2257,#2a7b8c
-7.8874,-10.8544,21.481,#2a7b8c
-8.1892,-11.2556,21.7929,#2a7c8c
-8.5,-11.6439,22.1625,#2a7c8c
-8.8172,-12.0128,22.5903,#2a7c8c
-9.1381,-12.3551,23.0757,#2a7c8c
-9.4594,-12.663,23.6168,#2a7c8c
-9.7775,-12.9283,24.2104,#2a7c8c
-10.0881,-13.1427,24.8518,#2a7c8c
-10.3868,-13.298,25.5342,#2a7c8c
-10.6687,-13.3866,26.2493,#297d8c
-10.9287,-13.4018,26.9869,#297d8c
-11.1616,-13.3385,27.7351,#297d8c
-11.3624,-13.1934,28.4807,#297d8c
-11.5263,-12.9655,29.2095,#297d8c
-11.6489,-12.6563,29.9068,#297d8c
-11.7267,-12.27,30.5584,#297d8c
-11.7568,-11.8136,31.1505,#297d8c
-11.7376,-11.2964,31.6711,#297e8c
-11.6686,-10.73,32.1103,#297e8c
-11.5503,-10.1271,32.4606,#297e8c
-11.3848,-9.5017,32.7174,#297e8c
-11.1749,-8.8676,32.8791,#297e8c
-10.9248,-8.2382,32.9466,#297e8c
-10.6393,-7.6259,32.9235,#297e8c
-10.324,-7.0413,32.8155,#297e8c
-9.9848,-6.4933,32.6298,#297f8c
-9.6278,-5.9888,32.3748,#297f8c
-9.259,-5.5324,32.0594,#297f8c
-8.8844,-5.1271,31.6925,#287f8c
-8.5093,-4.7739,31.283,#287f8c
-8.1389,-4.4726,30.8392,#287f8c
-7.7774,-4.2216,30.3687,#287f8c
-7.4289,-4.0188,29.8783,#287f8c
-7.0964,-3.8611,29.3741,#28808c
-6.7826,-3.7454,28.8613,#28808c
-6.4895,-3.6683,28.3443,#28808c
-6.2188,-3.6263,27.8269,#28808c
-5.9713,-3.6162,27.3122,#28808c
-5.7479,-3.6351,26.8029,#28808c
-5.5488,-3.6803,26.3013,#28808c
-5.3742,-3.7493,25.8092,#28808c
-5.2238,-3.8402,25.3283,#28818c
-5.0973,-3.9511,24.86,#28818c
-4.9944,-4.0808,24.4056,#28818c
-4.9144,-4.2282,23.9664,#28818c
-4.857,-4.3925,23.5434,#28818c
-4.8214,-4.5732,23.1378,#28818c
-4.8071,-4.7698,22.7507,#27818c
-4.8137,-4.9824,22.3834,#27818c
-4.8407,-5.211,22.0371,#27828c
-4.8877,-5.4556,21.7131,#27828c
-4.9542,-5.7165,21.4129,#27828c
-5.04,-5.994,21.138,#27828c
-5.1449,-6.2884,20.8903,#27828c
-5.2687,-6.5999,20.6716,#27828c
-5.4111,-6.9286,20.484,#27828c
-5.5721,-7.2747,20.3297,#27828c
-5.7516,-7.6379,20.2113,#27838c
-5.9493,-8.0177,20.1313,#27838c
-6.1652,-8.4135,20.0926,#27838c
-6.3989,-8.824,20.0981,#27838c
-6.6501,-9.2476,20.151,#27838c
-6.9182,-9.6821,20.2544,#27838c
-7.2026,-10.1246,20.4115,#27838c
-7.5022,-10.5714,20.6252,#27838c
-7.8159,-11.0181,20.8985,#27848c
-8.1421,-11.4592,21.2337,#26848c
-8.4786,-11.8884,21.6325,#26848c
-8.8231,-12.2986,22.0961,#26848c
-9.1726,-12.6814,22.6241,#26848c
-9.5236,-13.0281,23.2151,#26848c
-9.8721,-13.329,23.8661,#26848c
-10.2134,-13.5744,24.572,#26848c
-10.5425,-13.7546,25.3257,#26858c
-10.8539,-13.8603,26.1179,#26858c
-11.1418,-13.8835,26.9373,#26858c
-11.4003,-13.8176,27.7702,#26858c
-11.6233,-13.6585,28.6014,#26858c
-11.8055,-13.4046,29.4143,#26858c
-11.9416,-13.0576,30.1918,#26858c
-12.0274,-12.6222,30.9171,#26858c
-12.0597,-12.1067,31.5741,#26868c
-12.0364,-11.5222,32.1489,#26868c
-11.9569,-10.8824,32.6299,#26868c
-11.822,-10.2027,33.0088,#26868c
-11.634,-9.4996,33.2807,#26868c
-11.3965,-8.7894,33.4443,#25868c
-11.1144,-8.0879,33.5016,#25868c
-10.7933,-7.4092,33.4575,#25868c
-10.4398,-6.7653,33.3193,#25878c
-10.0607,-6.166,33.0963,#25878c
-9.6632,-5.6185,32.7984,#25878c
-9.2541,-5.1275,32.4364,#25878c
-8.84,-4.6953,32.0209,#25878c
-8.4271,-4.3225,31.5621,#25878c
-8.0208,-4.0079,31.0691,#25878c
-7.626,-3.749,30.5506,#25878c
-7.2466,-3.5427,30.0139,#25888c
-6.8862,-3.385,29.4653,#25888c
-6.5472,-3.2718,28.9102,#25888c
-6.2317,-3.199,28.3532,#25888c
-5.941,-3.1625,27.7978,#25888c
-5.6762,-3.1585,27.2473,#25888c
-5.4376,-3.1837,26.704,#25888c
-5.2254,-3.2348,26.1699,#25888c
-5.0394,-3.3094,25.6468,#24898c
-4.8792,-3.4052,25.1361,#24898c
-4.7444,-3.5203,24.6389,#24898c
-4.6342,-3.6533,24.1564,#24898c
-4.548,-3.8031,23.6895,#24898c
-4.485,-3.9691,23.2392,#24898c
-4.4445,-4.1507,22.8064,#24898c
-4.426,-4.3477,22.3921,#24898c
-4.4287,-4.5602,21.9974,#248a8c
-4.4521,-4.7883,21.6232,#248a8c
-4.4958,-5.0323,21.2709,#248a8c
-4.5593,-5.2928,20.9417,#248a8c
-4.6424,-5.5703,20.6372,#248a8c
-4.7448,-5.8652,20.3588,#248a8c
-4.8664,-6.1783,20.1086,#248a8c
-5.0072,-6.5099,19.8884,#248b8c
-5.167,-6.8605,19.7006,#248b8c
-5.3459,-7.2304,19.5475,#248b8c
-5.5439,-7.6196,19.4321,#248b8c
-5.761,-8.0279,19.3571,#238b8c
-5.9973,-8.4546,19.3258,#238b8c
-6.2525,-8.8988,19.3416,#238b8c
-6.5264,-9.3587,19.4082,#238b8c
-6.8188,-9.8322,19.5294,#238c8c
-7.1289,-10.3161,19.7088,#238c8c
-7.4559,-10.8065,19.9503,#238c8c
-7.7985,-11.2985,20.2573,#238c8c
-8.1552,-11.786,20.6331,#238c8c
-8.5239,-12.2618,21.0799,#238c8c
-8.9018,-12.7175,21.5995,#238c8c
-9.2858,-13.1436,22.192,#238c8c
-9.672,-13.5296,22.8562,#238d8c
-10.0557,-13.8642,23.5887,#238d8c
-10.4318,-14.1355,24.3841,#238d8c
-10.7944,-14.332,25.2343,#238d8c
-11.1371,-14.4424,26.1283,#238d8c
-11.4532,-14.4571,27.0527,#238d8c
-11.7356,-14.3681,27.9913,#238d8c
-11.9774,-14.1706,28.9258,#228d8c
-12.1721,-13.8631,29.8364,#228e8c
-12.3138,-13.4478,30.7025,#228e8c
-12.3975,-12.9314,31.5042,#228e8c
-12.4196,-12.3245,32.2228,#228e8c
-12.378,-11.6413,32.8421,#228e8c
-12.2724,-10.8991,33.3496,#228e8c
-12.1041,-10.1169,33.7365,#228e8c
-11.8763,-9.3147,33.9987,#228e8c
-11.5936,-8.5121,34.1365,#228f8c
-11.2622,-7.7273,34.1539,#228f8c
-10.8892,-6.9763,34.0585,#228f8c
-10.4823,-6.2722,33.8605,#228f8c
-10.0499,-5.6251,33.5717,#228f8c
-9.6001,-5.0416,33.2049,#228f8c
-9.1408,-4.5257,32.773,#228f8c
-8.6794,-4.0785,32.2884,#228f8c
-8.2227,-3.699,31.7626,#22908c
-7.7765,-3.3846,31.206,#22908c
-7.3458,-3.1313,30.6275,#21908c
-6.9348,-2.9343,30.0349,#21908c
-6.5467,-2.7886,29.4345,#21908c
-6.1839,-2.689,28.8317,#21908c
-5.8482,-2.6303,28.2307,#21908c
-5.5406,-2.6079,27.6347,#21908c
-5.2617,-2.6173,27.0466,#21918c
-5.0117,-2.6546,26.4683,#21918c
-4.7902,-2.7167,25.9015,#21918c
-4.5968,-2.8005,25.3475,#21918c
-4.4307,-2.9038,24.8074,#21918c
-4.2911,-3.0248,24.2821,#21918c
-4.1771,-3.162,23.7722,#21918c
-4.0878,-3.3145,23.2786,#21918c
-4.0221,-3.4816,22.8019,#22928c
-3.9794,-3.6629,22.3428,#22928c
-3.9586,-3.8586,21.9021,#22928b
-3.9591,-4.0687,21.4805,#22928b
-3.9803,-4.2936,21.0789,#22928b
-4.0216,-4.534,20.6984,#22928b
-4.0827,-4.7905,20.3401,#22928b
-4.1631,-5.0639,20.0052,#22928b
-4.2628,-5.3551,19.6953,#23928b
-4.3816,-5.6651,19.4119,#23938b
-4.5195,-5.9947,19.1571,#23938b
-4.6767,-6.3448,18.9328,#23938b
-4.8532,-6.7161,18.7416,#23938b
-5.0493,-7.1093,18.5861,#23938b
-5.2653,-7.5247,18.4694,#23938a
-5.5013,-7.9624,18.3947,#23938a
-5.7576,-8.4221,18.3657,#24938a
-6.0342,-8.903,18.3863,#24938a
-6.3313,-9.4037,18.461,#24948a
-6.6486,-9.922,18.594,#24948a
-6.9858,-10.4548,18.7902,#24948a
-7.3421,-10.9981,19.0541,#24948a
-7.7165,-11.5465,19.3904,#24948a
-8.1075,-12.0934,19.8033,#24948a
-8.5129,-12.6308,20.2963,#24948a
-8.93,-13.149,20.872,#25948a
-9.3554,-13.6369,21.5316,#259489
-9.7848,-14.0821,22.2746,#259589
-10.213,-14.471,23.0981,#259589
-10.6342,-14.7891,23.9962,#259589
-11.0416,-15.0219,24.9602,#259589
-11.4277,-15.1555,25.9776,#259589
-11.7844,-15.1772,27.0327,#259589
-12.1035,-15.0771,28.106,#269589
-12.3764,-14.8485,29.1756,#269589
-12.5953,-14.4892,30.2171,#269589
-12.753,-14.002,31.2055,#269689
-12.8434,-13.3952,32.1162,#269689
-12.8622,-12.6822,32.9263,#269688
-12.8069,-11.881,33.6167,#269688
-12.6773,-11.0136,34.1726,#269688
-12.4752,-10.104,34.5845,#279688
-12.2047,-9.1769,34.8488,#279688
-11.8719,-8.2564,34.9674,#279688
-11.4844,-7.3643,34.9473,#279688
-11.051,-6.519,34.7992,#279788
-10.5813,-5.7353,34.5371,#279788
-10.0851,-5.0237,34.1763,#279788
-9.5722,-4.3906,33.733,#279788
-9.0517,-3.8387,33.2229,#289788
-8.5322,-3.3677,32.6608,#289787
-8.0212,-2.9747,32.0598,#289787
-7.5249,-2.6551,31.4317,#289787
-7.0488,-2.4031,30.786,#289787
-6.597,-2.2121,30.1309,#289887
-6.1727,-2.0754,29.4728,#289887
-5.7781,-1.9866,28.8167,#289887
-5.4147,-1.9393,28.1666,#299887
-5.0832,-1.928,27.5254,#299887
-4.7836,-1.9474,26.8952,#299887
-4.5158,-1.9934,26.2777,#299887
-4.2789,-2.062,25.6741,#299886
-4.072,-2.1502,25.0851,#299886
-3.8941,-2.2556,24.5115,#299986
-3.7439,-2.3763,23.9537,#299986
-3.6202,-2.5107,23.412,#299986
-3.5216,-2.658,22.8869,#2a9986
-3.4471,-2.8175,22.3787,#2a9986
-3.3954,-2.9892,21.8878,#2a9986
-3.3655,-3.1729,21.4145,#2a9986
-3.3566,-3.3691,20.9594,#2a9986
-3.3678,-3.5784,20.5231,#2a9986
-3.3985,-3.8014,20.1061,#2a9a86
-3.4482,-4.0392,19.7094,#2a9a85
-3.5166,-4.2928,19.3339,#2b9a85
-3.6034,-4.5633,18.9806,#2b9a85
-3.7086,-4.852,18.6509,#2b9a85
-3.8321,-5.1601,18.3463,#2b9a85
-3.9742,-5.4891,18.0685,#2b9a85
-4.1352,-5.8402,17.8197,#2b9a85
-4.3154,-6.2146,17.602,#2b9a85
-4.5152,-6.6137,17.4182,#2b9b85
-4.7352,-7.0383,17.2713,#2c9b85
-4.976,-7.4892,17.1648,#2c9b85
-5.2381,-7.9669,17.1026,#2c9b85
-5.5219,-8.4714,17.0888,#2c9b84
-5.8281,-9.0022,17.1284,#2c9b84
-6.1568,-9.558,17.2264,#2c9b84
-6.5083,-10.1368,17.3885,#2c9b84
-6.8824,-10.7353,17.6205,#2c9b84
-7.2787,-11.3491,17.9285,#2d9c84
-7.6961,-11.9722,18.3184,#2d9c84
-8.1333,-12.597,18.7961,#2d9c84
-8.588,-13.2139,19.3666,#2d9c84
-9.0573,-13.8114,20.0339,#2d9c84
-9.5374,-14.3758,20.8005,#2d9c84
-10.0232,-14.8917,21.6663,#2d9c84
-10.5089,-15.3417,22.6287,#2d9c83
-10.9872,-15.7075,23.6811,#2e9c83
-11.45,-15.9703,24.813,#2e9d83
-11.8881,-16.1121,26.0091,#2e9d83
-12.2914,-16.1165,27.2492,#2e9d83
-12.6496,-15.9707,28.5087,#2e9d83
-12.9522,-15.6666,29.7591,#2e9d83
-13.1893,-15.2021,30.9692,#2e9d83
-13.352,-14.5822,32.1069,#2e9d83
-13.4333,-13.8191,33.1409,#2e9d83
-13.428,-12.9322,34.0435,#2f9d83
-13.3338,-11.9468,34.7918,#2f9e83
-13.1512,-10.8925,35.3697,#2f9e82
-12.8836,-9.8013,35.7689,#2f9e82
-12.5372,-8.705,35.9886,#2f9e82
-12.1204,-7.6335,36.0355,#2f9e82
-11.6435,-6.6123,35.9222,#2f9e82
-11.1182,-5.6623,35.6657,#2f9e82
-10.5565,-4.7986,35.286,#309e82
-9.9706,-4.0303,34.8039,#309f82
-9.3721,-3.3618,34.2402,#309f82
-8.7719,-2.7927,33.6141,#309f82
-8.1792,-2.3193,32.9427,#309f82
-7.6023,-1.9353,32.241,#309f82
-7.0478,-1.6329,31.5211,#309f81
-6.5209,-1.4033,30.7929,#309f81
-6.0254,-1.2376,30.0641,#319f81
-5.564,-1.127,29.3403,#319f81
-5.1384,-1.0633,28.6259,#31a081
-4.7491,-1.0391,27.9237,#31a081
-4.3962,-1.0477,27.2358,#31a081
-4.0791,-1.0836,26.5636,#31a081
-3.7967,-1.1418,25.9077,#31a081
-3.5476,-1.2184,25.2686,#31a081
-3.3303,-1.3103,24.6465,#32a081
-3.143,-1.4149,24.0414,#32a081
-2.9841,-1.5303,23.4532,#32a080
-2.8517,-1.6552,22.8819,#32a180
-2.7443,-1.7889,22.3272,#32a180
-2.6601,-1.9307,21.7892,#32a180
-2.5979,-2.0807,21.2678,#32a180
-2.5563,-2.239,20.7631,#32a180
-2.5341,-2.4061,20.275,#33a180
-2.5304,-2.5827,19.8037,#33a180
-2.5443,-2.7696,19.3496,#33a180
-2.5753,-2.9678,18.9128,#33a180
-2.6227,-3.1787,18.4939,#33a280
-2.6864,-3.4034,18.0934,#33a280
-2.7661,-3.6434,17.7121,#33a27f
-2.8619,-3.9002,17.3507,#33a27f
-2.9738,-4.1754,17.0103,#33a27f
-3.1023,-4.4709,16.6922,#34a27f
-3.2477,-4.7882,16.398,#34a27f
-3.4106,-5.1293,16.1294,#34a27f
-3.5917,-5.496,15.8884,#34a27f
-3.7917,-5.89,15.6777,#34a37f
-4.0117,-6.3132,15.5,#34a37f
-4.2524,-6.7672,15.3587,#34a37f
-4.515,-7.2534,15.2578,#34a37f
-4.8004,-7.7731,15.2015,#35a37f
-5.1098,-8.3269,15.1951,#35a37e
-5.4442,-8.9151,15.2441,#35a37e
-5.8043,-9.5372,15.355,#35a37e
-6.1909,-10.1916,15.5348,#35a37e
-6.6045,-10.8756,15.791,#35a47e
-7.0451,-11.5851,16.1319,#35a47e
-7.5123,-12.3138,16.5658,#35a47e
-8.0049,-13.0536,17.1013,#36a47e
-8.5212,-13.7935,17.7462,#36a47e
-9.0583,-14.5201,18.5077,#36a47e
-9.612,-15.2168,19.3911,#36a47e
-10.1772,-15.8638,20.3992,#36a47e
-10.7468,-16.4387,21.5311,#36a47d
-11.3125,-16.9169,22.7814,#36a57d
-11.8641,-17.2723,24.1387,#36a57d
-12.39,-17.4792,25.5852,#37a57d
-12.8774,-17.5137,27.096,#37a57d
-13.3126,-17.3562,28.639,#37a57d
-13.6815,-16.9934,30.1761,#37a57d
-13.9706,-16.421,31.6648,#37a57d
-14.1678,-15.6448,33.0607,#37a57d
-14.2632,-14.6816,34.3208,#37a57d
-14.2498,-13.5588,35.4067,#37a67d
-14.1246,-12.3129,36.2881,#38a67c
-13.8885,-10.9861,36.9448,#38a67c
-13.5465,-9.6237,37.3684,#38a67c
-13.1074,-8.2697,37.562,#38a67c
-12.5834,-6.9639,37.539,#38a67c
-11.9886,-5.7394,37.3208,#38a67c
-11.3389,-4.6211,36.9343,#38a67c
-10.6504,-3.6249,36.4089,#38a67c
-9.9389,-2.7588,35.7743,#38a77c
-9.2191,-2.0236,35.0581,#39a77c
-8.5039,-1.4145,34.2852,#39a77c
-7.8046,-0.9229,33.4765,#39a77c
-7.1302,-0.5372,32.6489,#39a77b
-6.488,-0.2448,31.8156,#39a77b
-5.883,-0.0329,30.9866,#39a77b
-5.3189,0.1113,30.1688,#39a77b
-4.7975,0.1993,29.367,#39a77b
-4.3196,0.2418,28.5842,#3aa87b
-3.885,0.2478,27.822,#3aa87b
-3.4926,0.2254,27.0812,#3aa87b
-3.1407,0.1811,26.3619,#3aa87b
-2.8274,0.1205,25.6637,#3aa87b
-2.5503,0.0479,24.9861,#3aa87b
-2.3069,-0.0332,24.3284,#3aa87b
-2.0947,-0.12,23.6899,#3aa87a
-1.9112,-0.2108,23.0698,#3ba87a
-1.7539,-0.3039,22.4673,#3ba97a
-1.6204,-0.3985,21.882,#3ba97a
-1.5088,-0.4941,21.313,#3ba97a
-1.4169,-0.5904,20.76,#3ba97a
-1.3429,-0.6875,20.2224,#3ba97a
-1.2853,-0.7857,19.6998,#3ba97a
-1.2425,-0.8853,19.1918,#3ba97a
-1.2134,-0.987,18.6981,#3ca97a
-1.1969,-1.0916,18.2185,#3ca97a
-1.1921,-1.1997,17.7525,#3caa7a
-1.1982,-1.3122,17.3002,#3caa79
-1.2147,-1.4302,16.8613,#3caa79
-1.2412,-1.5546,16.4356,#3caa79
-1.2773,-1.6865,16.0233,#3caa79
-1.323,-1.8272,15.6242,#3caa79
-1.3782,-1.9779,15.2384,#3daa79
-1.443,-2.1399,14.866,#3daa79
-1.5177,-2.3146,14.5074,#3daa79
-1.6025,-2.5036,14.1627,#3dab79
-1.6981,-2.7086,13.8324,#3dab79
-1.8048,-2.9312,13.5172,#3dab79
-1.9236,-3.1734,13.2176,#3dab79
-2.0551,-3.4372,12.9346,#3dab78
-2.2003,-3.7246,12.6694,#3eab78
-2.3603,-4.0381,12.4234,#3eab78
-2.5363,-4.38,12.1981,#3eab78
-2.7295,-4.7529,11.9957,#3eac78
-2.9415,-5.1596,11.8187,#3eac78
-3.1737,-5.6026,11.67,#3eac78
-3.4278,-6.085,11.5532,#3eac78
-3.7057,-6.6094,11.4725,#3eac78
-4.0092,-7.1786,11.433,#3eac78
-4.3403,-7.795,11.4405,#3fac78
-4.7008,-8.4607,11.502,#3fac78
-5.0929,-9.1772,11.6254,#3fac77
-5.5183,-9.9451,11.82,#3fad77
-5.9788,-10.7636,12.0963,#3fad77
-6.4757,-11.6304,12.4661,#3fad77
-7.0099,-12.5409,12.9422,#3fad77
-7.5818,-13.4876,13.5388,#3fad77
-8.1907,-14.4596,14.2703,#40ad77
-8.8348,-15.4417,15.1511,#40ad77
-9.5107,-16.4135,16.1949,#40ad77
-10.2132,-17.3493,17.4127,#40ad77
-10.935,-18.2176,18.8116,#40ae77
-11.666,-18.9812,20.3927,#40ae77
-12.3933,-19.5984,22.1485,#40ae76
-13.1013,-20.0246,24.0611,#40ae76
-13.7714,-20.2157,26.0997,#41ae76
-14.3829,-20.1316,28.22,#41ae76
-14.9136,-19.7415,30.3644,#41ae76
-15.3411,-19.0287,32.4647,#41ae76
-15.6445,-17.9951,34.446,#41ae76
-15.806,-16.6632,36.2338,#41af76
-15.8126,-15.0769,37.7606,#41af76
-15.6578,-13.298,38.9733,#41af76
-15.3421,-11.4006,39.839,#42af76
-14.8733,-9.4636,40.3471,#42af76
-14.266,-7.5624,40.5096,#42af75
-13.5399,-5.7627,40.3572,#42af75
-12.7188,-4.115,39.9341,#42af75
-11.8277,-2.653,39.2919,#42af75
-10.8921,-1.3939,38.4835,#42b075
-9.9357,-0.3401,37.5588,#42b075
-8.9796,0.5168,36.5613,#43b075
-8.0418,1.1935,35.5266,#43b075
-7.1367,1.711,34.4824,#43b075
-6.2753,2.0923,33.4489,#43b075
-5.4652,2.3605,32.4395,#43b075
-4.7113,2.5373,31.4628,#43b075
-4.016,2.6422,30.5234,#43b074
-3.3796,2.6924,29.6229,#43b174
-2.801,2.7025,28.7612,#43b174
-2.2779,2.6847,27.937,#44b174
-1.8073,2.6489,27.1482,#44b174
-1.3854,2.6033,26.3925,#44b174
-1.0082,2.5542,25.6677,#44b174
-0.6715,2.5067,24.9714,#44b174
-0.3712,2.4645,24.3016,#44b174
-0.103,2.4308,23.6564,#44b174
0.1369,2.4076,23.0344,#44b274
0.3523,2.3967,22.4341,#45b274
0.5469,2.3992,21.8545,#45b273
0.7239,2.4162,21.2945,#45b273
0.8864,2.4482,20.7535,#45b273
1.0372,2.4958,20.2309,#45b273
1.1789,2.5596,19.7262,#45b273
1.3141,2.6399,19.2391,#45b273
1.4448,2.7372,18.7694,#45b273
1.5732,2.8521,18.3171,#46b373
1.7012,2.985,17.8823,#46b373
1.8306,3.1369,17.4651,#46b373
1.963,3.3083,17.0658,#46b373
2.1001,3.5003,16.685,#46b372
2.2435,3.7139,16.3232,#46b372
2.3947,3.9504,15.9814,#46b372
2.5552,4.211,15.6605,#46b372
2.7264,4.4973,15.3618,#47b372
2.9098,4.8108,15.087,#47b472
3.1071,5.1531,14.8378,#47b472
3.3196,5.5262,14.6167,#47b472
3.5489,5.9318,14.4261,#47b472
3.7967,6.3716,14.2694,#47b472
4.0644,6.8475,14.1503,#47b472
4.3538,7.361,14.0729,#47b472
4.6664,7.9134,14.0425,#48b471
5.0037,8.5056,14.0646,#48b471
5.3672,9.1378,14.1458,#48b571
5.7582,9.8096,14.2936,#48b571
6.1778,10.5194,14.5161,#48b571
6.6267,11.264,14.8223,#48b571
7.1053,12.0386,15.2218,#48b571
7.6132,12.8363,15.7246,#48b571
8.1494,13.6473,16.341,#48b571
8.7119,14.4588,17.0805,#49b571
9.2975,15.2547,17.9519,#49b571
9.9015,16.0149,18.9614,#49b671
10.5178,16.7158,20.1124,#49b670
11.1381,17.3302,21.4037,#49b670
11.7525,17.8283,22.8279,#49b670
12.349,18.1789,24.3706,#49b670
12.9136,18.3512,26.0088,#49b670
13.4312,18.3177,27.711,#4ab670
13.8854,18.0566,29.4367,#4ab670
14.26,17.5551,31.1387,#4ab670
14.5395,16.8121,32.765,#4ab770
14.7105,15.8396,34.2627,#4ab770
14.7625,14.6636,35.5823,#4ab770
14.6894,13.3223,36.6821,#4ab770
14.4894,11.8636,37.5319,#4ab76f
14.1662,10.341,38.1154,#4bb76f
13.7279,8.8086,38.4308,#4bb76f
13.1871,7.3168,38.4903,#4bb76f
12.5595,5.9083,38.317,#4bb76f
11.8631,4.6163,37.9421,#4bb86f
11.1165,3.4627,37.4008,#4bb86f
10.3384,2.4591,36.7291,#4bb86f
9.5462,1.608,35.9613,#4bb86f
8.7556,0.9043,35.1276,#4cb86f
7.98,0.3377,34.2539,#4cb86f
7.2304,-0.1055,33.3607,#4cb86f
6.5153,-0.4407,32.4639,#4cb86e
5.8409,-0.6836,31.5751,#4cb86e
5.2114,-0.8496,30.7022,#4cb96e
4.6292,-0.9527,29.8504,#4cb96e
4.0951,-1.0058,29.0226,#4cb96e
3.6087,-1.0198,28.2204,#4db96e
3.1688,-1.0042,27.4439,#4db96e
2.7734,-0.9669,26.6928,#4db96e
2.4199,-0.9143,25.9663,#4db96e
2.1056,-0.8517,25.2633,#4db96e
1.8274,-0.7832,24.5827,#4dba6e
1.5824,-0.7121,23.9233,#4dba6e
1.3675,-0.6406,23.2839,#4dba6d
1.1798,-0.5708,22.6636,#4dba6d
1.0165,-0.5037,22.0614,#4eba6d
0.875,-0.4402,21.4765,#4eba6d
0.7527,-0.3808,20.9081,#4eba6d
0.6475,-0.3258,20.3554,#4eba6d
0.5574,-0.2753,19.818,#4eba6d
0.4804,-0.2291,19.2952,#4ebb6d
0.415,-0.187,18.7866,#4ebb6d
0.3596,-0.1488,18.2916,#4ebb6d
0.3129,-0.1141,17.8098,#4fbb6d
0.2738,-0.0826,17.3409,#4fbb6d
0.2413,-0.0539,16.8844,#4fbb6c
0.2145,-0.0278,16.44,#4fbb6c
0.1926,-0.0037,16.0074,#4fbb6c
0.175,0.0186,15.5862,#4fbb6c
0.1612,0.0395,15.1761,#4fbc6c
0.1506,0.0593,14.7768,#4fbc6c
0.1428,0.0782,14.3881,#50bc6c
0.1375,0.0967,14.0096,#50bc6c
0.1345,0.1149,13.6411,#50bc6c
0.1335,0.1331,13.2823,#50bc6c
0.1344,0.1516,12.9329,#50bc6c
0.1369,0.1707,12.5928,#50bc6c
0.1411,0.1905,12.2617,#50bc6b
0.1468,0.2113,11.9393,#50bd6b
0.154,0.2335,11.6255,#51bd6b
0.1627,0.2572,11.32,#51bd6b
0.1729,0.2827,11.0225,#51bd6b
0.1847,0.3104,10.733,#51bd6b
0.1981,0.3404,10.4512,#51bd6b
0.2132,0.3732,10.1769,#51bd6b
0.2301,0.4091,9.91,#51bd6b
0.249,0.4484,9.6502,#51bd6b
0.2701,0.4916,9.3975,#52be6b
0.2934,0.5392,9.1516,#52be6b
0.3193,0.5916,8.9125,#52be6a
0.348,0.6495,8.68,#52be6a
0.3797,0.7133,8.454,#52be6a
0.4148,0.7839,8.2345,#52be6a
0.4536,0.8619,8.0214,#52be6a
0.4966,0.9482,7.8145,#52be6a
0.5441,1.0437,7.614,#52be6a
0.5967,1.1495,7.4198,#53bf6a
0.6549,1.2667,7.232,#53bf6a
0.7193,1.3966,7.0507,#53bf6a
0.7906,1.5406,6.8761,#53bf6a
0.8695,1.7003,6.7085,#53bf6a
0.957,1.8775,6.5481,#53bf69
1.054,2.0741,6.3953,#53bf69
1.1614,2.2922,6.2509,#53bf69
1.2805,2.5343,6.1155,#54bf69
1.4126,2.8029,5.99,#54c069
1.5591,3.1011,5.8756,#54c069
1.7216,3.4319,5.7739,#54c069
1.9018,3.7989,5.6865,#54c069
2.1017,4.2059,5.6159,#54c069
2.3234,4.6571,5.5649,#54c069
2.5692,5.1568,5.5368,#54c069
2.8418,5.7098,5.5361,#55c068
3.1438,6.321,5.568,#55c068
3.4783,6.9955,5.639,#55c168
3.8483,7.7383,5.7568,#55c168
4.2574,8.5543,5.931,#55c168
4.7089,9.4477,6.173,#55c168
5.2063,10.4218,6.4965,#55c168
5.7531,11.4786,6.9176,#55c168
6.3524,12.6174,7.4551,#56c168
7.0069,13.8345,8.1307,#56c168
7.7184,15.1215,8.9687,#56c168
8.4874,16.4639,9.9957,#56c268
9.3129,17.8395,11.2397,#56c267
10.1911,19.2164,12.7279,#56c267
11.1151,20.5515,14.4849,#56c267
12.0739,21.7892,16.5284,#56c267
13.0519,22.8612,18.8646,#57c267
14.0277,23.6889,21.4828,#57c267
14.9742,24.1871,24.3492,#57c267
15.8586,24.2716,27.4023,#57c267
16.6438,23.8702,30.5506,#57c367
17.2906,22.9344,33.6751,#57c367
17.7602,21.4521,36.6374,#57c367
18.0188,19.4564,39.2938,#57c367
18.0411,17.0273,41.5137,#58c366
17.8139,14.2857,43.1971,#58c366
17.3382,11.3787,44.2897,#58c366
16.6294,8.4597,44.788,#58c366
15.7155,5.6688,44.7364,#58c366
14.6337,3.1171,44.2153,#58c466
13.4268,0.8789,43.3261,#58c466
12.1386,-1.0099,42.1755,#58c466
10.8103,-2.5459,40.8624,#58c466
9.4785,-3.7502,39.4706,#59c466
8.1735,-4.6593,38.0648,#59c466
6.9186,-5.3176,36.6912,#59c466
5.7308,-5.7706,35.3796,#59c465
4.6211,-6.0617,34.1466,#59c465
3.5956,-6.2294,32.9993,#59c565
2.6563,-6.3067,31.938,#59c565
1.8022,-6.3207,30.9592,#59c565
1.0303,-6.2934,30.0568,#5ac565
0.3357,-6.2423,29.2241,#5ac565
-0.2873,-6.1807,28.454,#5ac565
-0.8451,-6.119,27.74,#5ac565
-1.3443,-6.0649,27.0762,#5ac565
-1.7914,-6.0242,26.4575,#5ac565
-2.193,-6.0009,25.8797,#5ac665
-2.555,-5.998,25.3394,#5ac664
-2.8834,-6.0174,24.834,#5bc664
-3.1835,-6.0605,24.3614,#5bc664
-3.4604,-6.1281,23.9202,#5bc664
-3.7185,-6.2204,23.5095,#5bc664
-3.9621,-6.3376,23.1289,#5bc664
-4.1948,-6.4796,22.7782,#5bc664
-4.4201,-6.646,22.4578,#5bc764
-4.6409,-6.8364,22.1682,#5bc764
-4.86,-7.0503,21.9104,#5cc764
-5.0797,-7.2871,21.6854,#5cc764
-5.3021,-7.5458,21.4947,#5cc764
-5.529,-7.8257,21.3398,#5cc763
-5.7619,-8.1254,21.2225,#5cc763
-6.0021,-8.4437,21.1449,#5cc763
-6.2505,-8.7788,21.1091,#5cc763
-6.508,-9.1288,21.1173,#5cc863
-6.7748,-9.4912,21.1718,#5dc863
-7.0512,-9.8631,21.2749,#5dc863
-7.3371,-10.2411,21.4288,#5dc863
-7.6318,-10.6211,21.6355,#5dc863
-7.9346,-10.9985,21.8966,#5dc863
-8.2441,-11.3678,22.2133,#5dc863
-8.5587,-11.7231,22.5863,#5dc863
-8.8762,-12.0577,23.0152,#5dc862
-9.194,-12.3644,23.4987,#5dc962
-9.5092,-12.6355,24.0344,#5ec962
-9.8181,-12.8632,24.6184,#5ec962
-10.1168,-13.0397,25.2452,#5ec962
-10.4012,-13.1574,25.9077,#5ec962
-10.6665,-13.2097,26.5973,#5ec962
-10.9082,-13.1908,27.3035,#5fc962
-11.1215,-13.0967,28.0148,#5fc962
-11.3018,-12.9252,28.7181,#5fc962
-11.4448,-12.6763,29.4001,#60c961
-11.5469,-12.3524,30.0472,#60c961
-11.6051,-11.9586,30.646,#60c961
-11.6171,-11.502,31.1845,#60c961
-11.5818,-10.9921,31.652,#61ca61
-11.4993,-10.4401,32.0401,#61ca61
-11.3706,-9.8584,32.3427,#61ca61
-11.1978,-9.2597,32.5563,#62ca61
-10.9842,-8.657,32.6803,#62ca60
-10.7338,-8.0623,32.7161,#62ca60
-10.4516,-7.4867,32.6678,#63ca60
-10.1427,-6.9397,32.5409,#63ca60
-9.8129,-6.429,32.3426,#63ca60
-9.4679,-5.9605,32.0805,#64ca60
-9.1133,-5.5382,31.7631,#64ca60
-8.7546,-5.1644,31.3986,#64ca60
-8.3969,-4.8399,30.9954,#65ca5f
-8.0446,-4.5642,30.5608,#65ca5f
-7.702,-4.336,30.102,#65ca5f
-7.3725,-4.1529,29.6253,#66ca5f
-7.059,-4.0123,29.1361,#66ca5f
-6.7639,-3.9112,28.6393,#66cb5f
-6.489,-3.8466,28.139,#67cb5f
-6.2358,-3.8153,27.6388,#67cb5f
-6.0052,-3.8144,27.1417,#67cb5e
-5.7978,-3.8412,26.6502,#67cb5e
-5.6139,-3.8933,26.1664,#68cb5e
-5.4536,-3.9685,25.6923,#68cb5e
-5.3168,-4.0651,25.2295,#68cb5e
-5.2032,-4.1814,24.7795,#69cb5e
-5.1123,-4.3162,24.3435,#69cb5e
-5.0438,-4.4686,23.9229,#69cb5e
-4.9971,-4.6379,23.5188,#6acb5e
-4.9718,-4.8236,23.1325,#6acb5d
-4.9673,-5.0254,22.7651,#6acb5d
-4.9833,-5.2431,22.418,#6bcb5d
-5.0192,-5.4769,22.0925,#6bcb5d
-5.0747,-5.7267,21.79,#6bcc5d
-5.1495,-5.9927,21.5121,#6ccc5d
-5.2432,-6.275,21.2605,#6ccc5d
-5.3557,-6.5739,21.0369,#6ccc5d
-5.4868,-6.8894,20.8434,#6dcc5c
-5.6362,-7.2215,20.682,#6dcc5c
-5.8038,-7.5698,20.5552,#6dcc5c
-5.9893,-7.934,20.4653,#6ecc5c
-6.1926,-8.3134,20.415,#6ecc5c
-6.4134,-8.7067,20.407,#6ecc5c
-6.6512,-9.1126,20.4444,#6ecc5c
-6.9055,-9.5288,20.5298,#6fcc5c
-7.1756,-9.9527,20.6664,#6fcc5b
-7.4605,-10.3809,20.8569,#6fcc5b
-7.7592,-10.8094,21.1038,#70cc5b
-8.07,-11.2331,21.4094,#70cc5b
-8.3911,-11.6464,21.7754,#70cc5b
-8.7202,-12.0425,22.2028,#71cd5b
-9.0546,-12.414,22.6914,#71cd5b
-9.3909,-12.7527,23.24,#71cd5b
-9.7256,-13.05,23.8459,#72cd5a
-10.0543,-13.2967,24.5048,#72cd5a
-10.3724,-13.4839,25.2104,#72cd5a
-10.6749,-13.603,25.9544,#73cd5a
-10.9562,-13.6462,26.7266,#73cd5a
-11.211,-13.6073,27.5148,#73cd5a
-11.4337,-13.4817,28.3053,#74cd5a
-11.6189,-13.2676,29.083,#74cd5a
-11.7619,-12.9654,29.832,#74cd59
-11.8584,-12.579,30.5367,#75cd59
-11.9051,-12.115,31.1819,#75cd59
-11.8998,-11.5827,31.754,#75cd59
-11.8415,-10.9942,32.2416,#75cd59
-11.7307,-10.3631,32.6358,#76cd59
-11.5688,-9.7044,32.9309,#76ce59
-11.359,-9.0332,33.1245,#76ce59
-11.1052,-8.3643,33.2171,#77ce59
-10.8126,-7.7115,33.2123,#77ce58
-10.487,-7.0866,33.1157,#77ce58
-10.1347,-6.4997,32.9353,#78ce58
-9.7622,-5.9584,32.6798,#78ce58
-9.3761,-5.4683,32.359,#78ce58
-8.9827,-5.0324,31.9827,#79ce58
-8.588,-4.6523,31.5605,#79ce58
-8.1973,-4.3275,31.1014,#79ce58
-7.8155,-4.0566,30.6138,#7ace57
-7.4468,-3.8368,30.1051,#7ace57
-7.0946,-3.6651,29.5817,#7ace57
-6.7617,-3.5379,29.0491,#7bce57
-6.4504,-3.4512,28.5122,#7bce57
-6.1623,-3.4015,27.9749,#7bcf57
-5.8986,-3.3851,27.4405,#7ccf57
-5.6598,-3.3988,26.9116,#7ccf57
-5.4464,-3.4394,26.3906,#7ccf56
-5.2584,-3.5045,25.8793,#7ccf56
-5.0955,-3.5917,25.3794,#7dcf56
-4.9575,-3.6992,24.8922,#7dcf56
-4.8437,-3.8254,24.419,#7dcf56
-4.7536,-3.9692,23.9608,#7ecf56
-4.6866,-4.1298,23.5188,#7ecf56
-4.642,-4.3065,23.0939,#7ecf56
-4.6193,-4.4991,22.6873,#7fcf55
-4.6178,-4.7073,22.3,#7fcf55
-4.637,-4.9314,21.9331,#7fcf55
-4.6765,-5.1714,21.588,#80cf55
-4.7359,-5.4278,21.2659,#80cf55
-4.8148,-5.7009,20.9684,#80cf55
-4.913,-5.991,20.6971,#81d055
-5.0304,-6.2988,20.4539,#81d055
-5.1667,-6.6244,20.2407,#81d054
-5.3219,-6.9681,20.0597,#82d054
-5.4959,-7.3302,19.9133,#82d054
-5.6887,-7.7103,19.8043,#82d054
-5.9002,-8.1082,19.7353,#83d054
-6.1303,-8.5231,19.7096,#83d054
-6.3787,-8.9537,19.7302,#83d054
-6.6451,-9.3983,19.8007,#83d054
-6.9291,-9.8546,19.9244,#84d054
-7.2299,-10.3192,20.1049,#84d053
-7.5466,-10.7883,20.3454,#84d053
-7.8778,-11.257,20.6491,#85d053
-8.2218,-11.7192,21.0185,#85d053
-8.5765,-12.1681,21.4556,#85d053
-8.9391,-12.5955,21.9615,#86d053
-9.3066,-12.9926,22.5359,#86d153
-9.675,-13.3493,23.1771,#86d153
-10.0399,-13.6553,23.8813,#87d152
-10.3963,-13.8996,24.643,#87d152
-10.7386,-14.0718,25.454,#87d152
-11.0608,-14.1619,26.3038,#88d152
-11.3567,-14.1612,27.1793,#88d152
-11.6196,-14.0632,28.0653,#88d152
-11.8433,-13.8639,28.9447,#89d152
-12.0218,-13.5625,29.7992,#89d152
-12.1498,-13.1616,30.6101,#89d151
-12.2229,-12.6678,31.359,#8ad151
-12.238,-12.0911,32.0291,#8ad151
-12.1932,-11.4447,32.6058,#8ad151
-12.0885,-10.7446,33.0778,#8ad151
-11.9252,-10.0082,33.4374,#8bd151
-11.7063,-9.2537,33.6809,#8bd251
-11.4364,-8.4989,33.8083,#8bd251
-11.1209,-7.7604,33.8235,#8cd250
-10.7666,-7.0529,33.7332,#8cd250
-10.3807,-6.3884,33.5465,#8cd250
-9.9707,-5.7762,33.2741,#8dd250
-9.5443,-5.2228,32.9276,#8dd250
-9.1088,-4.732,32.5188,#8dd250
-8.6711,-4.3051,32.0591,#8ed250
-8.2376,-3.9415,31.559,#8ed250
-7.8136,-3.6389,31.0283,#8ed24f
-7.4041,-3.3942,30.4755,#8fd24f
-7.0128,-3.203,29.9078,#8fd24f
-6.643,-3.061,29.3315,#8fd24f
-6.2971,-2.9634,28.7517,#90d24f
-5.9768,-2.9055,28.1725,#90d24f
-5.6831,-2.8832,27.5975,#90d24f
-5.4169,-2.8924,27.0292,#91d34f
-5.1782,-2.9294,26.4699,#91d34f
-4.9671,-2.9913,25.9214,#91d34e
-4.7829,-3.0753,25.385,#91d34e
-4.6253,-3.1793,24.8621,#92d34e
-4.4935,-3.3015,24.3535,#92d34e
-4.3866,-3.4406,23.8602,#92d34e
-4.304,-3.5956,23.3831,#93d34e
-4.2447,-3.7659,22.9229,#93d34e
-4.208,-3.9512,22.4805,#93d34e
-4.1931,-4.1514,22.0568,#94d34d
-4.1994,-4.3667,21.6526,#94d34d
-4.2264,-4.5973,21.2691,#94d34d
-4.2735,-4.8439,20.9073,#95d34d
-4.3404,-5.1069,20.5685,#95d34d
-4.4267,-5.3871,20.2541,#95d34d
-4.5324,-5.6852,19.9658,#96d34d
-4.6573,-6.0019,19.7052,#96d44d
-4.8013,-6.338,19.4746,#96d44c
-4.9646,-6.694,19.276,#97d44c
-5.1472,-7.0705,19.1121,#97d44c
-5.3493,-7.4676,18.9855,#97d44c
-5.5709,-7.8855,18.8995,#98d44c
-5.8122,-8.3237,18.8573,#98d44c
-6.0732,-8.7814,18.8626,#98d44c
-6.3538,-9.2574,18.9193,#98d44c
-6.6538,-9.7494,19.0314,#99d44b
-6.9728,-10.2548,19.2031,#99d44b
-7.3099,-10.7697,19.4387,#99d44b
-7.6643,-11.2893,19.7422,#9ad44b
-8.0344,-11.8075,20.1174,#9ad44b
-8.4182,-12.3171,20.5675,#9ad44b
-8.8132,-12.8094,21.0948,#9bd44b
-9.2162,-13.2745,21.7004,#9bd54b
-9.6234,-13.7012,22.3838,#9bd54a
-10.0301,-14.0772,23.1424,#9cd54a
-10.4309,-14.3897,23.9714,#9cd54a
-10.8197,-14.6255,24.8629,#9cd54a
-11.1897,-14.7719,25.8061,#9dd54a
-11.5337,-14.8175,26.7872,#9dd54a
-11.8439,-14.7526,27.7893,#9dd54a
-12.1129,-14.5707,28.7928,#9ed54a
-12.3331,-14.2688,29.7761,#9ed549
-12.4979,-13.8484,30.7167,#9ed549
-12.6015,-13.3156,31.5921,#9fd549
-12.6395,-12.6812,32.381,#9fd549
-12.6092,-11.9602,33.0651,#9fd549
-12.5098,-11.1713,33.6295,#9fd549
-12.3422,-10.3356,34.064,#a0d549
-12.1098,-9.4752,34.3632,#a0d549
-11.8173,-8.6121,34.5268,#a0d649
-11.4711,-7.7669,34.5593,#a1d648
-11.0791,-6.9575,34.4689,#a1d648
-10.6497,-6.1987,34.2668,#a1d648
-10.1919,-5.5018,33.9663,#a2d648
-9.7147,-4.8745,33.5816,#a2d648
-9.2267,-4.3207,33.1271,#a2d648
-8.7361,-3.8419,32.6166,#a3d648
-8.2502,-3.4365,32.0628,#a3d648
-7.7753,-3.1014,31.4771,#a3d647
-7.317,-2.8321,30.8693,#a4d647
-6.8796,-2.623,30.2477,#a4d647
-6.4667,-2.4684,29.619,#a4d647
-6.0807,-2.3623,28.9889,#a5d647
-5.7235,-2.299,28.3615,#a5d647
-5.3961,-2.2732,27.7404,#a5d647
-5.099,-2.28,27.1281,#a6d647
-4.8322,-2.3152,26.5267,#a6d746
-4.5954,-2.375,25.9376,#a6d746
-4.3879,-2.4563,25.362,#a6d746
-4.2088,-2.5566,24.8007,#a7d746
-4.0571,-2.6739,24.2547,#a7d746
-3.9318,-2.8066,23.7243,#a7d746
-3.8317,-2.9537,23.2102,#a8d746
-3.7558,-3.1144,22.713,#a8d746
-3.7031,-3.2885,22.233,#a8d745
-3.6726,-3.4758,21.7709,#a9d745
-3.6635,-3.6766,21.3274,#a9d745
-3.675,-3.8913,20.9031,#a9d745
-3.7065,-4.1206,20.4989,#aad745
-3.7577,-4.3653,20.1156,#aad745
-3.828,-4.6262,19.7545,#aad745
-3.9172,-4.9044,19.4167,#abd745
-4.0254,-5.2009,19.1037,#abd844
-4.1524,-5.5169,18.8171,#abd844
-4.2983,-5.8535,18.559,#acd844
-4.4635,-6.2118,18.3313,#acd844
-4.6481,-6.5927,18.1367,#acd844
-4.8525,-6.9971,17.9779,#add844
-5.0772,-7.4256,17.8581,#add844
-5.3224,-7.8785,17.7807,#add844
-5.5885,-8.3557,17.7498,#add844
-5.8759,-8.8568,17.7695,#aed843
-6.1847,-9.3804,17.8445,#aed843
-6.515,-9.9245,17.9798,#aed843
-6.8665,-10.4864,18.1805,#afd843
-7.2387,-11.0618,18.452,#afd843
-7.6307,-11.6454,18.7996,#afd843
-8.0411,-12.2304,19.2282,#b0d843
-8.4678,-12.8084,19.7423,#b0d843
-8.9082,-13.3691,20.3454,#b0d942
-9.3587,-13.9005,21.0395,#b1d942
-9.8149,-14.3891,21.8248,#b1d942
-10.2716,-14.8197,22.6988,#b1d942
-10.7223,-15.1762,23.6562,#b2d942
-11.1598,-15.4421,24.688,#b2d942
-11.5759,-15.6014,25.7811,#b2d942
-11.9618,-15.6393,26.9186,#b3d942
-12.3083,-15.5439,28.0793,#b3d941
-12.6058,-15.3069,29.2387,#b3d941
-12.8456,-14.9253,30.3697,#b4d941
-13.0192,-14.4015,31.444,#b4d941
-13.12,-13.7445,32.4335,#b4d941
-13.1428,-12.9693,33.3127,#b4d941
-13.0847,-12.0963,34.0594,#b5d941
-12.9454,-11.1505,34.6572,#b5d941
-12.7269,-10.1591,35.0956,#b5d940
-12.4338,-9.1505,35.3712,#b6da40
-12.0728,-8.1518,35.4866,#b6da40
-11.6527,-7.1874,35.4505,#b6da40
-11.1832,-6.2778,35.276,#b7da40
-10.6752,-5.4389,34.9791,#b7da40
-10.1396,-4.6818,34.5778,#b7da40
-9.5872,-4.0127,34.0904,#b8da40
-9.028,-3.4338,33.5347,#b8da3f
-8.4712,-2.9438,32.9271,#b8da3f
-7.925,-2.5385,32.2819,#b9da3f
-7.396,-2.2121,31.6115,#b9da3f
-6.8898,-1.9575,30.9262,#b9da3f
-6.4108,-1.7671,30.2343,#bada3f
-5.962,-1.6332,29.5422,#bada3f
-5.5456,-1.5482,28.8548,#bada3f
-5.1628,-1.5052,28.176,#bbda3f
-4.8141,-1.4979,27.5083,#bbdb3e
-4.4994,-1.5209,26.8536,#bbdb3e
-4.2181,-1.5692,26.2133,#bbdb3e
-3.9693,-1.639,25.5882,#bcdb3e
-3.7516,-1.7269,24.9789,#bcdb3e
-3.5638,-1.8304,24.3857,#bcdb3e
-3.4044,-1.9473,23.8088,#bddb3e
-3.2719,-2.0764,23.2485,#bddb3e
-3.1649,-2.2165,22.7048,#bddb3d
-3.0818,-2.3671,22.1779,#bedb3d
-3.0215,-2.528,21.668,#bedb3d
-2.9827,-2.6993,21.1751,#bedb3d
-2.9645,-2.8813,20.6997,#bfdb3d
-2.9658,-3.0747,20.2421,#bfdb3d
-2.986,-3.2803,19.8027,#bfdb3d
-3.0245,-3.499,19.3821,#c0db3d
-3.0808,-3.732,18.9809,#c0db3c
-3.1547,-3.9805,18.6,#c0dc3c
-3.246,-4.2459,18.2404,#c1dc3c
-3.3547,-4.5297,17.9033,#c1dc3c
-3.481,-4.8333,17.59,#c1dc3c
-3.6253,-5.1583,17.3022,#c2dc3c
-3.7878,-5.5063,17.0419,#c2dc3c
-3.9692,-5.8788,16.8113,#c2dc3c
-4.1699,-6.2774,16.6129,#c2dc3b
-4.3909,-6.7034,16.4498,#c3dc3b
-4.6327,-7.158,16.3255,#c3dc3b
-4.8962,-7.6422,16.2437,#c3dc3b
-5.1822,-8.1565,16.2091,#c4dc3b
-5.4913,-8.701,16.2264,#c4dc3b
-5.8243,-9.2752,16.3012,#c4dc3b
-6.1816,-9.8776,16.4395,#c5dc3b
-6.5635,-10.5059,16.6478,#c5dc3a
-6.97,-11.1563,16.9331,#c5dc3a
-7.4006,-11.8235,17.3023,#c6dd3a
-7.8542,-12.5005,17.7626,#c6dd3a
-8.3291,-13.1782,18.3207,#c6dd3a
-8.823,-13.8451,18.9825,#c7dd3a
-9.3322,-14.4874,19.7526,#c7dd3a
-9.8523,-15.0888,20.6335,#c7dd3a
-10.3774,-15.6306,21.6247,#c8dd3a
-10.9003,-16.0923,22.7222,#c8dd39
-11.4127,-16.452,23.9174,#c8dd39
-11.9048,-16.6879,25.1963,#c9dd39
-12.3656,-16.7793,26.5393,#c9dd39
-12.7835,-16.7083,27.9211,#c9dd39
-13.1465,-16.4619,29.311,#c9dd39
-13.4427,-16.0334,30.6741,#cadd39
-13.6612,-15.4242,31.9731,#cadd39
-13.7925,-14.6442,33.1709,#cadd38
-13.8296,-13.7126,34.2327,#cbde38
-13.7682,-12.6562,35.1292,#cbde38
-13.6075,-11.5082,35.8383,#cbde38
-13.3498,-10.3055,36.347,#ccde38
-13.0011,-9.086,36.6518,#ccde38
-12.5702,-7.8856,36.7581,#ccde38
-12.0683,-6.7362,36.6794,#cdde38
-11.5083,-5.6635,36.4349,#cdde37
-10.904,-4.6866,36.0478,#cdde37
-10.2694,-3.8176,35.5428,#cede37
-9.618,-3.062,34.9443,#cede37
-8.9621,-2.4198,34.2753,#cede37
-8.3129,-1.8867,33.5563,#cfde37
-7.6798,-1.4554,32.8046,#cfde37
-7.0703,-1.1163,32.0345,#cfde37
-6.4907,-0.8589,31.2573,#d0de36
-5.9452,-0.6727,30.4814,#d0de36
-5.4369,-0.5471,29.7133,#d0df36
-4.9676,-0.4723,28.9574,#d0df36
-4.538,-0.4397,28.2166,#d1df36
-4.1478,-0.4415,27.4929,#d1df36
-3.7963,-0.4709,26.7872,#d1df36
-3.4822,-0.5224,26.1001,#d2df36
-3.2038,-0.5914,25.4316,#d2df35
-2.9591,-0.6741,24.7815,#d2df35
-2.7461,-0.7675,24.1497,#d3df35
-2.5627,-0.8696,23.5356,#d3df35
-2.4068,-0.9785,22.9389,#d3df35
-2.2764,-1.0933,22.3592,#d4df35
-2.1696,-1.2133,21.796,#d4df35
-2.0846,-1.3382,21.2492,#d4df35
-2.0198,-1.4681,20.7185,#d5df35
-1.9738,-1.6031,20.2035,#d5df34
-1.9453,-1.744,19.7042,#d5df34
-1.9332,-1.8913,19.2204,#d6e034
-1.9366,-2.0459,18.7522,#d6e034
-1.9548,-2.2089,18.2996,#d6e034
-1.9873,-2.3814,17.8627,#d7e034
-2.0335,-2.5646,17.4417,#d7e034
-2.0934,-2.76,17.0369,#d7e034
-2.1669,-2.9689,16.6487,#d7e033
-2.2539,-3.1931,16.2778,#d8e033
-2.3548,-3.4341,15.9248,#d8e033
-2.4699,-3.6937,15.5905,#d8e033
-2.5997,-3.9738,15.2761,#d9e033
-2.745,-4.2765,14.9829,#d9e033
-2.9063,-4.6036,14.7124,#d9e033
-3.0847,-4.9575,14.4665,#dae033
-3.2812,-5.3402,14.2475,#dae032
-3.4969,-5.7539,14.0581,#dae032
-3.7331,-6.2009,13.9013,#dbe132
-3.9909,-6.6832,13.781,#dbe132
-4.272,-7.2028,13.7013,#dbe132
-4.5776,-7.7613,13.6674,#dce132
-4.9092,-8.3601,13.685,#dce132
-5.2682,-8.9997,13.7607,#dce132
-5.6559,-9.6802,13.902,#dde131
-6.0734,-10.4002,14.1172,#dde131
-6.5215,-11.1574,14.4156,#dde131
-7.0006,-11.9471,14.8071,#dee131
-7.5106,-12.763,15.3022,#dee131
-8.0506,-13.5956,15.9117,#dee131
-8.6188,-14.4327,16.646,#dee131
-9.2122,-15.2582,17.5147,#dfe131
-9.8263,-16.0521,18.5252,#dfe130
-10.455,-16.7905,19.6822,#dfe130
-11.0904,-17.4457,20.9855,#e0e130
-11.7224,-17.9868,22.4294,#e0e230
-12.3389,-18.3809,24.0004,#e0e230
-12.9258,-18.5955,25.6765,#e1e230
-13.4673,-18.6004,27.4262,#e1e230
-13.9467,-18.3712,29.2087,#e1e230
-14.3466,-17.8925,30.9753,#e2e22f
-14.6506,-17.1607,32.6719,#e2e22f
-14.8442,-16.1863,34.2426,#e2e22f
-14.9158,-14.9945,35.6343,#e3e22f
-14.8582,-13.624,36.8018,#e3e22f
-14.669,-12.1244,37.7112,#e3e22f
-14.3512,-10.5517,38.3438,#e4e22f
-13.9126,-8.9633,38.6963,#e4e22f
-13.3662,-7.413,38.7802,#e4e22f
-12.7279,-5.947,38.6193,#e5e22e
-12.0164,-4.6008,38.2462,#e5e22e
-11.2514,-3.3986,37.698,#e5e22e
-10.4523,-2.353,37.013,#e5e32e
-9.6374,-1.4669,36.2274,#e6e32e
-8.8233,-0.735,35.3736,#e6e32e
-8.024,-0.1466,34.4787,#e6e32e
-7.2512,0.3129,33.5646,#e7e32e
-6.5138,0.6597,32.648,#e7e32d
-5.8183,0.9107,31.7408,#e7e32d
-5.1691,1.082,30.8513,#e8e32d
-4.5686,1.1886,29.9848,#e8e32d
-4.0177,1.2438,29.1442,#e8e32d
-3.516,1.2592,28.3307,#e9e32d
-3.0621,1.2449,27.5446,#e9e32d
-2.6538,1.209,26.7852,#e9e32d
-2.2886,1.1583,26.0515,#eae32c
-1.9634,1.0982,25.3423,#eae32c
-1.6752,1.0332,24.6564,#eae32c
-1.4207,0.9665,23.9923,#ebe42c
-1.1967,0.9007,23.3489,#ebe42c
-1.0002,0.8377,22.7251,#ebe42c
-0.8282,0.7788,22.1198,#ece42c
-0.6779,0.725,21.5322,#ece42c
-0.5468,0.6768,20.9614,#ece42b
-0.4324,0.6346,20.4066,#ece42b
-0.3327,0.5984,19.8673,#ede42b
-0.2456,0.5685,19.3429,#ede42b
-0.1693,0.5445,18.8327,#ede42b
-0.1023,0.5265,18.3364,#eee42b
-0.0431,0.5142,17.8536,#eee42b
0.0096,0.5074,17.3837,#eee42b
0.0568,0.506,16.9264,#efe42a
0.0997,0.5098,16.4814,#efe42a
0.1391,0.5187,16.0483,#efe42a
0.1759,0.5327,15.6268,#f0e42a
0.2107,0.5516,15.2167,#f0e52a
0.2443,0.5755,14.8175,#f0e52a
0.2772,0.6045,14.4291,#f1e52a
0.3099,0.6387,14.0512,#f1e52a
0.3431,0.6783,13.6836,#f1e52a
0.3771,0.7235,13.326,#f2e529
0.4125,0.7746,12.9783,#f2e529
0.4497,0.8321,12.6402,#f2e529
0.4891,0.8963,12.3116,#f3e529
0.5313,0.9678,11.9923,#f3e529
0.5766,1.0472,11.6822,#f3e529
0.6256,1.1353,11.3813,#f3e529
0.6787,1.2327,11.0894,#f4e529
0.7366,1.3405,10.8066,#f4e528
0.7997,1.4595,10.5328,#f4e528
0.8687,1.591,10.2682,#f5e528
0.9444,1.7362,10.0129,#f5e528
1.0274,1.8965,9.7671,#f5e628
1.1185,2.0735,9.5311,#f6e628
1.2187,2.2688,9.3053,#f6e628
1.3289,2.4845,9.0903,#f6e628
1.4502,2.7225,8.8868,#f7e627
1.5837,2.9852,8.6956,#f7e627
1.7309,3.2751,8.518,#f7e627
1.8931,3.5951,8.3552,#f8e627
2.0718,3.948,8.2091,#f8e627
2.2689,4.3373,8.0818,#f8e627
2.4862,4.7663,7.9759,#f9e627
2.7257,5.2389,7.8946,#f9e627
2.9896,5.7589,7.8419,#f9e626
3.2803,6.3304,7.8224,#fae626
3.6005,6.9575,7.8421,#fae626
3.9527,7.6441,7.9077,#fae626
4.3397,8.3941,8.0276,#fae726
4.7645,9.2107,8.2117,#fbe726
5.2299,10.0961,8.4716,#fbe726
5.7386,11.0514,8.8208,#fbe726
6.2932,12.0756,9.2751,#fce725
6.8957,13.1649,9.8523,#fce725
7.5474,14.3119,10.5722,#fce725
8.2485,15.5043,11.4561,#fde725
8.9978,16.7238,12.5264,#fde725
