-3,-3,0.0001,#27818c
-2.6667,-3,0.0003,#27818c
-2.6667,-2.6667,0.001,#27818c
-3,-3,0.0001,#27818c
-2.6667,-2.6667,0.001,#27818c
-3,-2.6667,0.0002,#27818c
-2.6667,-3,0.0003,#27818c
-2.3333,-3,0.0013,#27818c
-2.3333,-2.6667,0.0037,#27818c
-2.6667,-3,0.0003,#27818c
-2.3333,-2.6667,0.0037,#27818c
-2.6667,-2.6667,0.001,#27818c
-2.3333,-3,0.0013,#27818c
-2,-3,0.0034,#27818c
-2,-2.6667,0.0094,#27818c
-2.3333,-3,0.0013,#27818c
-2,-2.6667,0.0094,#27818c
-2.3333,-2.6667,0.0037,#27818c
-2,-3,0.0034,#27818c
-1.6667,-3,0.0053,#27818c
-1.6667,-2.6667,0.0117,#27818c
-2,-3,0.0034,#27818c
-1.6667,-2.6667,0.0117,#27818c
-2,-2.6667,0.0094,#27818c
-1.6667,-3,0.0053,#27818c
-1.3333,-3,-0.0006,#28818c
-1.3333,-2.6667,-0.0175,#28818c
-1.6667,-3,0.0053,#27818c
-1.3333,-2.6667,-0.0175,#28818c
-1.6667,-2.6667,0.0117,#27818c
-1.3333,-3,-0.0006,#28818c
-1,-3,-0.0299,#28818c
-1,-2.6667,-0.133,#287f8c
-1.3333,-3,-0.0006,#28818c
-1,-2.6667,-0.133,#287f8c
-1.3333,-2.6667,-0.0175,#28818c
-1,-3,-0.0299,#28818c
-0.6667,-3,-0.0946,#28808c
-0.6667,-2.6667,-0.3744,#2a7b8c
-1,-3,-0.0299,#28818c
-0.6667,-2.6667,-0.3744,#2a7b8c
-1,-2.6667,-0.133,#287f8c
-0.6667,-3,-0.0946,#28808c
-0.3333,-3,-0.1809,#297e8c
-0.3333,-2.6667,-0.6879,#2c768c
-0.6667,-3,-0.0946,#28808c
-0.3333,-2.6667,-0.6879,#2c768c
-0.6667,-2.6667,-0.3744,#2a7b8c
-0.3333,-3,-0.1809,#297e8c
0,-3,-0.245,#297d8c
0,-2.6667,-0.9139,#2d738c
-0.3333,-3,-0.1809,#297e8c
0,-2.6667,-0.9139,#2d738c
-0.3333,-2.6667,-0.6879,#2c768c
0,-3,-0.245,#297d8c
0.3333,-3,-0.2465,#297d8c
0.3333,-2.6667,-0.9107,#2d738c
0,-3,-0.245,#297d8c
0.3333,-2.6667,-0.9107,#2d738c
0,-2.6667,-0.9139,#2d738c
0.3333,-3,-0.2465,#297d8c
0.6667,-3,-0.1882,#297e8c
0.6667,-2.6667,-0.6914,#2c768c
0.3333,-3,-0.2465,#297d8c
0.6667,-2.6667,-0.6914,#2c768c
0.3333,-2.6667,-0.9107,#2d738c
0.6667,-3,-0.1882,#297e8c
1,-3,-0.11,#28808c
1,-2.6667,-0.4024,#2a7b8c
0.6667,-3,-0.1882,#297e8c
1,-2.6667,-0.4024,#2a7b8c
0.6667,-2.6667,-0.6914,#2c768c
1,-3,-0.11,#28808c
1.3333,-3,-0.0492,#28808c
1.3333,-2.6667,-0.1796,#297e8c
1,-3,-0.11,#28808c
1.3333,-2.6667,-0.1796,#297e8c
1,-2.6667,-0.4024,#2a7b8c
1.3333,-3,-0.0492,#28808c
1.6667,-3,-0.0168,#28818c
1.6667,-2.6667,-0.0611,#28808c
1.3333,-3,-0.0492,#28808c
1.6667,-2.6667,-0.0611,#28808c
1.3333,-2.6667,-0.1796,#297e8c
1.6667,-3,-0.0168,#28818c
2,-3,-0.0043,#28818c
2,-2.6667,-0.0156,#28818c
1.6667,-3,-0.0168,#28818c
2,-2.6667,-0.0156,#28818c
1.6667,-2.6667,-0.0611,#28808c
2,-3,-0.0043,#28818c
2.3333,-3,-0.0008,#28818c
2.3333,-2.6667,-0.0029,#28818c
2,-3,-0.0043,#28818c
2.3333,-2.6667,-0.0029,#28818c
2,-2.6667,-0.0156,#28818c
2.3333,-3,-0.0008,#28818c
2.6667,-3,-0.0001,#28818c
2.6667,-2.6667,-0.0004,#28818c
2.3333,-3,-0.0008,#28818c
2.6667,-2.6667,-0.0004,#28818c
2.3333,-2.6667,-0.0029,#28818c
2.6667,-3,-0.0001,#28818c
3,-3,0,#28818c
3,-2.6667,0,#28818c
2.6667,-3,-0.0001,#28818c
3,-2.6667,0,#28818c
2.6667,-2.6667,-0.0004,#28818c
-3,-2.6667,0.0002,#27818c
-2.6667,-2.6667,0.001,#27818c
-2.6667,-2.3333,0.0024,#27818c
-3,-2.6667,0.0002,#27818c
-2.6667,-2.3333,0.0024,#27818c
-3,-2.3333,0.0005,#27818c
-2.6667,-2.6667,0.001,#27818c
-2.3333,-2.6667,0.0037,#27818c
-2.3333,-2.3333,0.0089,#27818c
-2.6667,-2.6667,0.001,#27818c
-2.3333,-2.3333,0.0089,#27818c
-2.6667,-2.3333,0.0024,#27818c
-2.3333,-2.6667,0.0037,#27818c
-2,-2.6667,0.0094,#27818c
-2,-2.3333,0.0223,#27828c
-2.3333,-2.6667,0.0037,#27818c
-2,-2.3333,0.0223,#27828c
-2.3333,-2.3333,0.0089,#27818c
-2,-2.6667,0.0094,#27818c
-1.6667,-2.6667,0.0117,#27818c
-1.6667,-2.3333,0.0259,#27828c
-2,-2.6667,0.0094,#27818c
-1.6667,-2.3333,0.0259,#27828c
-2,-2.3333,0.0223,#27828c
-1.6667,-2.6667,0.0117,#27818c
-1.3333,-2.6667,-0.0175,#28818c
-1.3333,-2.3333,-0.0551,#28808c
-1.6667,-2.6667,0.0117,#27818c
-1.3333,-2.3333,-0.0551,#28808c
-1.6667,-2.3333,0.0259,#27828c
-1.3333,-2.6667,-0.0175,#28818c
-1,-2.6667,-0.133,#287f8c
-1,-2.3333,-0.3673,#2a7b8c
-1.3333,-2.6667,-0.0175,#28818c
-1,-2.3333,-0.3673,#2a7b8c
-1.3333,-2.3333,-0.0551,#28808c
-1,-2.6667,-0.133,#287f8c
-0.6667,-2.6667,-0.3744,#2a7b8c
-0.6667,-2.3333,-1.0186,#2e718b
-1,-2.6667,-0.133,#287f8c
-0.6667,-2.3333,-1.0186,#2e718b
-1,-2.3333,-0.3673,#2a7b8c
-0.6667,-2.6667,-0.3744,#2a7b8c
-0.3333,-2.6667,-0.6879,#2c768c
-0.3333,-2.3333,-1.867,#34648b
-0.6667,-2.6667,-0.3744,#2a7b8c
-0.3333,-2.3333,-1.867,#34648b
-0.6667,-2.3333,-1.0186,#2e718b
-0.3333,-2.6667,-0.6879,#2c768c
0,-2.6667,-0.9139,#2d738c
0,-2.3333,-2.4816,#385a8b
-0.3333,-2.6667,-0.6879,#2c768c
0,-2.3333,-2.4816,#385a8b
-0.3333,-2.3333,-1.867,#34648b
0,-2.6667,-0.9139,#2d738c
0.3333,-2.6667,-0.9107,#2d738c
0.3333,-2.3333,-2.4736,#385a8b
0,-2.6667,-0.9139,#2d738c
0.3333,-2.3333,-2.4736,#385a8b
0,-2.3333,-2.4816,#385a8b
0.3333,-2.6667,-0.9107,#2d738c
0.6667,-2.6667,-0.6914,#2c768c
0.6667,-2.3333,-1.8753,#34648b
0.3333,-2.6667,-0.9107,#2d738c
0.6667,-2.3333,-1.8753,#34648b
0.3333,-2.3333,-2.4736,#385a8b
0.6667,-2.6667,-0.6914,#2c768c
1,-2.6667,-0.4024,#2a7b8c
1,-2.3333,-1.0866,#2f708b
0.6667,-2.6667,-0.6914,#2c768c
1,-2.3333,-1.0866,#2f708b
0.6667,-2.3333,-1.8753,#34648b
1,-2.6667,-0.4024,#2a7b8c
1.3333,-2.6667,-0.1796,#297e8c
1.3333,-2.3333,-0.4801,#2b7a8c
1,-2.6667,-0.4024,#2a7b8c
1.3333,-2.3333,-0.4801,#2b7a8c
1,-2.3333,-1.0866,#2f708b
1.3333,-2.6667,-0.1796,#297e8c
1.6667,-2.6667,-0.0611,#28808c
1.6667,-2.3333,-0.1602,#297f8c
1.3333,-2.6667,-0.1796,#297e8c
1.6667,-2.3333,-0.1602,#297f8c
1.3333,-2.3333,-0.4801,#2b7a8c
1.6667,-2.6667,-0.0611,#28808c
2,-2.6667,-0.0156,#28818c
2,-2.3333,-0.0394,#28818c
1.6667,-2.6667,-0.0611,#28808c
2,-2.3333,-0.0394,#28818c
1.6667,-2.3333,-0.1602,#297f8c
2,-2.6667,-0.0156,#28818c
2.3333,-2.6667,-0.0029,#28818c
2.3333,-2.3333,-0.0067,#28818c
2,-2.6667,-0.0156,#28818c
2.3333,-2.3333,-0.0067,#28818c
2,-2.3333,-0.0394,#28818c
2.3333,-2.6667,-0.0029,#28818c
2.6667,-2.6667,-0.0004,#28818c
2.6667,-2.3333,-0.0006,#28818c
2.3333,-2.6667,-0.0029,#28818c
2.6667,-2.3333,-0.0006,#28818c
2.3333,-2.3333,-0.0067,#28818c
2.6667,-2.6667,-0.0004,#28818c
3,-2.6667,0,#28818c
3,-2.3333,0,#27818c
2.6667,-2.6667,-0.0004,#28818c
3,-2.3333,0,#27818c
2.6667,-2.3333,-0.0006,#28818c
-3,-2.3333,0.0005,#27818c
-2.6667,-2.3333,0.0024,#27818c
-2.6667,-2,0.0042,#27818c
-3,-2.3333,0.0005,#27818c
-2.6667,-2,0.0042,#27818c
-3,-2,0.0007,#27818c
-2.6667,-2.3333,0.0024,#27818c
-2.3333,-2.3333,0.0089,#27818c
-2.3333,-2,0.0169,#27828c
-2.6667,-2.3333,0.0024,#27818c
-2.3333,-2,0.0169,#27828c
-2.6667,-2,0.0042,#27818c
-2.3333,-2.3333,0.0089,#27818c
-2,-2.3333,0.0223,#27828c
-2,-2,0.0468,#27828c
-2.3333,-2.3333,0.0089,#27818c
-2,-2,0.0468,#27828c
-2.3333,-2,0.0169,#27828c
-2,-2.3333,0.0223,#27828c
-1.6667,-2.3333,0.0259,#27828c
-1.6667,-2,0.0707,#27828c
-2,-2.3333,0.0223,#27828c
-1.6667,-2,0.0707,#27828c
-2,-2,0.0468,#27828c
-1.6667,-2.3333,0.0259,#27828c
-1.3333,-2.3333,-0.0551,#28808c
-1.3333,-2,-0.0456,#28818c
-1.6667,-2.3333,0.0259,#27828c
-1.3333,-2,-0.0456,#28818c
-1.6667,-2,0.0707,#27828c
-1.3333,-2.3333,-0.0551,#28808c
-1,-2.3333,-0.3673,#2a7b8c
-1,-2,-0.5921,#2b788c
-1.3333,-2.3333,-0.0551,#28808c
-1,-2,-0.5921,#2b788c
-1.3333,-2,-0.0456,#28818c
-1,-2.3333,-0.3673,#2a7b8c
-0.6667,-2.3333,-1.0186,#2e718b
-0.6667,-2,-1.8169,#33658b
-1,-2.3333,-0.3673,#2a7b8c
-0.6667,-2,-1.8169,#33658b
-1,-2,-0.5921,#2b788c
-0.6667,-2.3333,-1.0186,#2e718b
-0.3333,-2.3333,-1.867,#34648b
-0.3333,-2,-3.488,#3c4884
-0.6667,-2.3333,-1.0186,#2e718b
-0.3333,-2,-3.488,#3c4884
-0.6667,-2,-1.8169,#33658b
-0.3333,-2.3333,-1.867,#34648b
0,-2.3333,-2.4816,#385a8b
0,-2,-4.7596,#3f2e73
-0.3333,-2.3333,-1.867,#34648b
0,-2,-4.7596,#3f2e73
-0.3333,-2,-3.488,#3c4884
0,-2.3333,-2.4816,#385a8b
0.3333,-2.3333,-2.4736,#385a8b
0.3333,-2,-4.8116,#3f2d72
0,-2.3333,-2.4816,#385a8b
0.3333,-2,-4.8116,#3f2d72
0,-2,-4.7596,#3f2e73
0.3333,-2.3333,-2.4736,#385a8b
0.6667,-2.3333,-1.8753,#34648b
0.6667,-2,-3.6606,#3c4582
0.3333,-2.3333,-2.4736,#385a8b
0.6667,-2,-3.6606,#3c4582
0.3333,-2,-4.8116,#3f2d72
0.6667,-2.3333,-1.8753,#34648b
1,-2.3333,-1.0866,#2f708b
1,-2,-2.1024,#35608b
0.6667,-2.3333,-1.8753,#34648b
1,-2,-2.1024,#35608b
0.6667,-2,-3.6606,#3c4582
1,-2.3333,-1.0866,#2f708b
1.3333,-2.3333,-0.4801,#2b7a8c
1.3333,-2,-0.9048,#2d738c
1,-2.3333,-1.0866,#2f708b
1.3333,-2,-0.9048,#2d738c
1,-2,-2.1024,#35608b
1.3333,-2.3333,-0.4801,#2b7a8c
1.6667,-2.3333,-0.1602,#297f8c
1.6667,-2,-0.285,#297d8c
1.3333,-2.3333,-0.4801,#2b7a8c
1.6667,-2,-0.285,#297d8c
1.3333,-2,-0.9048,#2d738c
1.6667,-2.3333,-0.1602,#297f8c
2,-2.3333,-0.0394,#28818c
2,-2,-0.0616,#28808c
1.6667,-2.3333,-0.1602,#297f8c
2,-2,-0.0616,#28808c
1.6667,-2,-0.285,#297d8c
2,-2.3333,-0.0394,#28818c
2.3333,-2.3333,-0.0067,#28818c
2.3333,-2,-0.0072,#28818c
2,-2.3333,-0.0394,#28818c
2.3333,-2,-0.0072,#28818c
2,-2,-0.0616,#28808c
2.3333,-2.3333,-0.0067,#28818c
2.6667,-2.3333,-0.0006,#28818c
2.6667,-2,0.0005,#27818c
2.3333,-2.3333,-0.0067,#28818c
2.6667,-2,0.0005,#27818c
2.3333,-2,-0.0072,#28818c
2.6667,-2.3333,-0.0006,#28818c
3,-2.3333,0,#27818c
3,-2,0.0004,#27818c
2.6667,-2.3333,-0.0006,#28818c
3,-2,0.0004,#27818c
2.6667,-2,0.0005,#27818c
-3,-2,0.0007,#27818c
-2.6667,-2,0.0042,#27818c
-2.6667,-1.6667,0.0039,#27818c
-3,-2,0.0007,#27818c
-2.6667,-1.6667,0.0039,#27818c
-3,-1.6667,0.0004,#27818c
-2.6667,-2,0.0042,#27818c
-2.3333,-2,0.0169,#27828c
-2.3333,-1.6667,0.0214,#27828c
-2.6667,-2,0.0042,#27818c
-2.3333,-1.6667,0.0214,#27828c
-2.6667,-1.6667,0.0039,#27818c
-2.3333,-2,0.0169,#27828c
-2,-2,0.0468,#27828c
-2,-1.6667,0.0765,#27828c
-2.3333,-2,0.0169,#27828c
-2,-1.6667,0.0765,#27828c
-2.3333,-1.6667,0.0214,#27828c
-2,-2,0.0468,#27828c
-1.6667,-2,0.0707,#27828c
-1.6667,-1.6667,0.1739,#26848c
-2,-2,0.0468,#27828c
-1.6667,-1.6667,0.1739,#26848c
-2,-1.6667,0.0765,#27828c
-1.6667,-2,0.0707,#27828c
-1.3333,-2,-0.0456,#28818c
-1.3333,-1.6667,0.179,#26848c
-1.6667,-2,0.0707,#27828c
-1.3333,-1.6667,0.179,#26848c
-1.6667,-1.6667,0.1739,#26848c
-1.3333,-2,-0.0456,#28818c
-1,-2,-0.5921,#2b788c
-1,-1.6667,-0.3147,#2a7c8c
-1.3333,-2,-0.0456,#28818c
-1,-1.6667,-0.3147,#2a7c8c
-1.3333,-1.6667,0.179,#26848c
-1,-2,-0.5921,#2b788c
-0.6667,-2,-1.8169,#33658b
-0.6667,-1.6667,-1.7844,#33658b
-1,-2,-0.5921,#2b788c
-0.6667,-1.6667,-1.7844,#33658b
-1,-1.6667,-0.3147,#2a7c8c
-0.6667,-2,-1.8169,#33658b
-0.3333,-2,-3.488,#3c4884
-0.3333,-1.6667,-4.0919,#3d3c7c
-0.6667,-2,-1.8169,#33658b
-0.3333,-1.6667,-4.0919,#3d3c7c
-0.6667,-1.6667,-1.7844,#33658b
-0.3333,-2,-3.488,#3c4884
0,-2,-4.7596,#3f2e73
0,-1.6667,-6.08,#421461
-0.3333,-2,-3.488,#3c4884
0,-1.6667,-6.08,#421461
-0.3333,-1.6667,-4.0919,#3d3c7c
0,-2,-4.7596,#3f2e73
0.3333,-2,-4.8116,#3f2d72
0.3333,-1.6667,-6.4101,#430d5c
0,-2,-4.7596,#3f2e73
0.3333,-1.6667,-6.4101,#430d5c
0,-1.6667,-6.08,#421461
0.3333,-2,-4.8116,#3f2d72
0.6667,-2,-3.6606,#3c4582
0.6667,-1.6667,-4.9261,#3f2b71
0.3333,-2,-4.8116,#3f2d72
0.6667,-1.6667,-4.9261,#3f2b71
0.3333,-1.6667,-6.4101,#430d5c
0.6667,-2,-3.6606,#3c4582
1,-2,-2.1024,#35608b
1,-1.6667,-2.7589,#39568b
0.6667,-2,-3.6606,#3c4582
1,-1.6667,-2.7589,#39568b
0.6667,-1.6667,-4.9261,#3f2b71
1,-2,-2.1024,#35608b
1.3333,-2,-0.9048,#2d738c
1.3333,-1.6667,-1.0943,#2f708b
1,-2,-2.1024,#35608b
1.3333,-1.6667,-1.0943,#2f708b
1,-1.6667,-2.7589,#39568b
1.3333,-2,-0.9048,#2d738c
1.6667,-2,-0.285,#297d8c
1.6667,-1.6667,-0.2779,#297d8c
1.3333,-2,-0.9048,#2d738c
1.6667,-1.6667,-0.2779,#297d8c
1.3333,-1.6667,-1.0943,#2f708b
1.6667,-2,-0.285,#297d8c
2,-2,-0.0616,#28808c
2,-1.6667,-0.0247,#28818c
1.6667,-2,-0.285,#297d8c
2,-1.6667,-0.0247,#28818c
1.6667,-1.6667,-0.2779,#297d8c
2,-2,-0.0616,#28808c
2.3333,-2,-0.0072,#28818c
2.3333,-1.6667,0.0131,#27818c
2,-2,-0.0616,#28808c
2.3333,-1.6667,0.0131,#27818c
2,-1.6667,-0.0247,#28818c
2.3333,-2,-0.0072,#28818c
2.6667,-2,0.0005,#27818c
2.6667,-1.6667,0.0072,#27818c
2.3333,-2,-0.0072,#28818c
2.6667,-1.6667,0.0072,#27818c
2.3333,-1.6667,0.0131,#27818c
2.6667,-2,0.0005,#27818c
3,-2,0.0004,#27818c
3,-1.6667,0.002,#27818c
2.6667,-2,0.0005,#27818c
3,-1.6667,0.002,#27818c
2.6667,-1.6667,0.0072,#27818c
-3,-1.6667,0.0004,#27818c
-2.6667,-1.6667,0.0039,#27818c
-2.6667,-1.3333,-0.0053,#28818c
-3,-1.6667,0.0004,#27818c
-2.6667,-1.3333,-0.0053,#28818c
-3,-1.3333,-0.0021,#28818c
-2.6667,-1.6667,0.0039,#27818c
-2.3333,-1.6667,0.0214,#27828c
-2.3333,-1.3333,-0.0008,#28818c
-2.6667,-1.6667,0.0039,#27818c
-2.3333,-1.3333,-0.0008,#28818c
-2.6667,-1.3333,-0.0053,#28818c
-2.3333,-1.6667,0.0214,#27828c
-2,-1.6667,0.0765,#27828c
-2,-1.3333,0.0561,#27828c
-2.3333,-1.6667,0.0214,#27828c
-2,-1.3333,0.0561,#27828c
-2.3333,-1.3333,-0.0008,#28818c
-2,-1.6667,0.0765,#27828c
-1.6667,-1.6667,0.1739,#26848c
-1.6667,-1.3333,0.2565,#26858c
-2,-1.6667,0.0765,#27828c
-1.6667,-1.3333,0.2565,#26858c
-2,-1.3333,0.0561,#27828c
-1.6667,-1.6667,0.1739,#26848c
-1.3333,-1.6667,0.179,#26848c
-1.3333,-1.3333,0.6152,#248b8c
-1.6667,-1.6667,0.1739,#26848c
-1.3333,-1.3333,0.6152,#248b8c
-1.6667,-1.3333,0.2565,#26858c
-1.3333,-1.6667,0.179,#26848c
-1,-1.6667,-0.3147,#2a7c8c
-1,-1.3333,0.7765,#228d8c
-1.3333,-1.6667,0.179,#26848c
-1,-1.3333,0.7765,#228d8c
-1.3333,-1.3333,0.6152,#248b8c
-1,-1.6667,-0.3147,#2a7c8c
-0.6667,-1.6667,-1.7844,#33658b
-0.6667,-1.3333,-0.0124,#28818c
-1,-1.6667,-0.3147,#2a7c8c
-0.6667,-1.3333,-0.0124,#28818c
-1,-1.3333,0.7765,#228d8c
-0.6667,-1.6667,-1.7844,#33658b
-0.3333,-1.6667,-4.0919,#3d3c7c
-0.3333,-1.3333,-2.0939,#35608b
-0.6667,-1.6667,-1.7844,#33658b
-0.3333,-1.3333,-2.0939,#35608b
-0.6667,-1.3333,-0.0124,#28818c
-0.3333,-1.6667,-4.0919,#3d3c7c
0,-1.6667,-6.08,#421461
0,-1.3333,-4.4584,#3e3477
-0.3333,-1.6667,-4.0919,#3d3c7c
0,-1.3333,-4.4584,#3e3477
-0.3333,-1.3333,-2.0939,#35608b
0,-1.6667,-6.08,#421461
0.3333,-1.6667,-6.4101,#430d5c
0.3333,-1.3333,-5.3599,#40226b
0,-1.6667,-6.08,#421461
0.3333,-1.3333,-5.3599,#40226b
0,-1.3333,-4.4584,#3e3477
0.3333,-1.6667,-6.4101,#430d5c
0.6667,-1.6667,-4.9261,#3f2b71
0.6667,-1.3333,-4.2023,#3e3a7a
0.3333,-1.6667,-6.4101,#430d5c
0.6667,-1.3333,-4.2023,#3e3a7a
0.3333,-1.3333,-5.3599,#40226b
0.6667,-1.6667,-4.9261,#3f2b71
1,-1.6667,-2.7589,#39568b
1,-1.3333,-2.1237,#35608b
0.6667,-1.6667,-4.9261,#3f2b71
1,-1.3333,-2.1237,#35608b
0.6667,-1.3333,-4.2023,#3e3a7a
1,-1.6667,-2.7589,#39568b
1.3333,-1.6667,-1.0943,#2f708b
1.3333,-1.3333,-0.5526,#2b798c
1,-1.6667,-2.7589,#39568b
1.3333,-1.3333,-0.5526,#2b798c
1,-1.3333,-2.1237,#35608b
1.3333,-1.6667,-1.0943,#2f708b
1.6667,-1.6667,-0.2779,#297d8c
1.6667,-1.3333,0.0828,#27838c
1.3333,-1.6667,-1.0943,#2f708b
1.6667,-1.3333,0.0828,#27838c
1.3333,-1.3333,-0.5526,#2b798c
1.6667,-1.6667,-0.2779,#297d8c
2,-1.6667,-0.0247,#28818c
2,-1.3333,0.154,#26848c
1.6667,-1.6667,-0.2779,#297d8c
2,-1.3333,0.154,#26848c
1.6667,-1.3333,0.0828,#27838c
2,-1.6667,-0.0247,#28818c
2.3333,-1.6667,0.0131,#27818c
2.3333,-1.3333,0.0792,#27828c
2,-1.6667,-0.0247,#28818c
2.3333,-1.3333,0.0792,#27828c
2,-1.3333,0.154,#26848c
2.3333,-1.6667,0.0131,#27818c
2.6667,-1.6667,0.0072,#27818c
2.6667,-1.3333,0.0257,#27828c
2.3333,-1.6667,0.0131,#27818c
2.6667,-1.3333,0.0257,#27828c
2.3333,-1.3333,0.0792,#27828c
2.6667,-1.6667,0.0072,#27818c
3,-1.6667,0.002,#27818c
3,-1.3333,0.006,#27818c
2.6667,-1.6667,0.0072,#27818c
3,-1.3333,0.006,#27818c
2.6667,-1.3333,0.0257,#27828c
-3,-1.3333,-0.0021,#28818c
-2.6667,-1.3333,-0.0053,#28818c
-2.6667,-1,-0.033,#28818c
-3,-1.3333,-0.0021,#28818c
-2.6667,-1,-0.033,#28818c
-3,-1,-0.0088,#28818c
-2.6667,-1.3333,-0.0053,#28818c
-2.3333,-1.3333,-0.0008,#28818c
-2.3333,-1,-0.0871,#28808c
-2.6667,-1.3333,-0.0053,#28818c
-2.3333,-1,-0.0871,#28808c
-2.6667,-1,-0.033,#28818c
-2.3333,-1.3333,-0.0008,#28818c
-2,-1.3333,0.0561,#27828c
-2,-1,-0.1301,#287f8c
-2.3333,-1.3333,-0.0008,#28818c
-2,-1,-0.1301,#287f8c
-2.3333,-1,-0.0871,#28808c
-2,-1.3333,0.0561,#27828c
-1.6667,-1.3333,0.2565,#26858c
-1.6667,-1,0.0364,#27828c
-2,-1.3333,0.0561,#27828c
-1.6667,-1,0.0364,#27828c
-2,-1,-0.1301,#287f8c
-1.6667,-1.3333,0.2565,#26858c
-1.3333,-1.3333,0.6152,#248b8c
-1.3333,-1,0.721,#238d8c
-1.6667,-1.3333,0.2565,#26858c
-1.3333,-1,0.721,#238d8c
-1.6667,-1,0.0364,#27828c
-1.3333,-1.3333,0.6152,#248b8c
-1,-1.3333,0.7765,#228d8c
-1,-1,1.8559,#2e9d83
-1.3333,-1.3333,0.6152,#248b8c
-1,-1,1.8559,#2e9d83
-1.3333,-1,0.721,#238d8c
-1,-1.3333,0.7765,#228d8c
-0.6667,-1.3333,-0.0124,#28818c
-0.6667,-1,2.4903,#38a67c
-1,-1.3333,0.7765,#228d8c
-0.6667,-1,2.4903,#38a67c
-1,-1,1.8559,#2e9d83
-0.6667,-1.3333,-0.0124,#28818c
-0.3333,-1.3333,-2.0939,#35608b
-0.3333,-1,1.4995,#299887
-0.6667,-1.3333,-0.0124,#28818c
-0.3333,-1,1.4995,#299887
-0.6667,-1,2.4903,#38a67c
-0.3333,-1.3333,-2.0939,#35608b
0,-1.3333,-4.4584,#3e3477
0,-1,-0.7239,#2c768c
-0.3333,-1.3333,-2.0939,#35608b
0,-1,-0.7239,#2c768c
-0.3333,-1,1.4995,#299887
0,-1.3333,-4.4584,#3e3477
0.3333,-1.3333,-5.3599,#40226b
0.3333,-1,-2.2171,#365e8b
0,-1.3333,-4.4584,#3e3477
0.3333,-1,-2.2171,#365e8b
0,-1,-0.7239,#2c768c
0.3333,-1.3333,-5.3599,#40226b
0.6667,-1.3333,-4.2023,#3e3a7a
0.6667,-1,-1.7683,#33658b
0.3333,-1.3333,-5.3599,#40226b
0.6667,-1,-1.7683,#33658b
0.3333,-1,-2.2171,#365e8b
0.6667,-1.3333,-4.2023,#3e3a7a
1,-1.3333,-2.1237,#35608b
1,-1,-0.2729,#297d8c
0.6667,-1.3333,-4.2023,#3e3a7a
1,-1,-0.2729,#297d8c
0.6667,-1,-1.7683,#33658b
1,-1.3333,-2.1237,#35608b
1.3333,-1.3333,-0.5526,#2b798c
1.3333,-1,0.7421,#238d8c
1,-1.3333,-2.1237,#35608b
1.3333,-1,0.7421,#238d8c
1,-1,-0.2729,#297d8c
1.3333,-1.3333,-0.5526,#2b798c
1.6667,-1.3333,0.0828,#27838c
1.6667,-1,0.8368,#228e8c
1.3333,-1.3333,-0.5526,#2b798c
1.6667,-1,0.8368,#228e8c
1.3333,-1,0.7421,#238d8c
1.6667,-1.3333,0.0828,#27838c
2,-1.3333,0.154,#26848c
2,-1,0.4996,#24898c
1.6667,-1.3333,0.0828,#27838c
2,-1,0.4996,#24898c
1.6667,-1,0.8368,#228e8c
2,-1.3333,0.154,#26848c
2.3333,-1.3333,0.0792,#27828c
2.3333,-1,0.2016,#26848c
2,-1.3333,0.154,#26848c
2.3333,-1,0.2016,#26848c
2,-1,0.4996,#24898c
2.3333,-1.3333,0.0792,#27828c
2.6667,-1.3333,0.0257,#27828c
2.6667,-1,0.0591,#27828c
2.3333,-1.3333,0.0792,#27828c
2.6667,-1,0.0591,#27828c
2.3333,-1,0.2016,#26848c
2.6667,-1.3333,0.0257,#27828c
3,-1.3333,0.006,#27818c
3,-1,0.013,#27818c
2.6667,-1.3333,0.0257,#27828c
3,-1,0.013,#27818c
2.6667,-1,0.0591,#27828c
-3,-1,-0.0088,#28818c
-2.6667,-1,-0.033,#28818c
-2.6667,-0.6667,-0.081,#28808c
-3,-1,-0.0088,#28818c
-2.6667,-0.6667,-0.081,#28808c
-3,-0.6667,-0.0196,#28818c
-2.6667,-1,-0.033,#28818c
-2.3333,-1,-0.0871,#28808c
-2.3333,-0.6667,-0.2499,#297d8c
-2.6667,-1,-0.033,#28818c
-2.3333,-0.6667,-0.2499,#297d8c
-2.6667,-0.6667,-0.081,#28808c
-2.3333,-1,-0.0871,#28808c
-2,-1,-0.1301,#287f8c
-2,-0.6667,-0.5441,#2b798c
-2.3333,-1,-0.0871,#28808c
-2,-0.6667,-0.5441,#2b798c
-2.3333,-0.6667,-0.2499,#297d8c
-2,-1,-0.1301,#287f8c
-1.6667,-1,0.0364,#27828c
-1.6667,-0.6667,-0.7154,#2c768c
-2,-1,-0.1301,#287f8c
-1.6667,-0.6667,-0.7154,#2c768c
-2,-0.6667,-0.5441,#2b798c
-1.6667,-1,0.0364,#27828c
-1.3333,-1,0.721,#238d8c
-1.3333,-0.6667,-0.1435,#287f8c
-1.6667,-1,0.0364,#27828c
-1.3333,-0.6667,-0.1435,#287f8c
-1.6667,-0.6667,-0.7154,#2c768c
-1.3333,-1,0.721,#238d8c
-1,-1,1.8559,#2e9d83
-1,-0.6667,1.539,#299986
-1.3333,-1,0.721,#238d8c
-1,-0.6667,1.539,#299986
-1.3333,-0.6667,-0.1435,#287f8c
-1,-1,1.8559,#2e9d83
-0.6667,-1,2.4903,#38a67c
-0.6667,-0.6667,3.3787,#45b273
-1,-1,1.8559,#2e9d83
-0.6667,-0.6667,3.3787,#45b273
-1,-0.6667,1.539,#299986
-0.6667,-1,2.4903,#38a67c
-0.3333,-1,1.4995,#299887
-0.3333,-0.6667,3.548,#48b571
-0.6667,-1,2.4903,#38a67c
-0.3333,-0.6667,3.548,#48b571
-0.6667,-0.6667,3.3787,#45b273
-0.3333,-1,1.4995,#299887
0,-1,-0.7239,#2c768c
0,-0.6667,1.7615,#2d9c84
-0.3333,-1,1.4995,#299887
0,-0.6667,1.7615,#2d9c84
-0.3333,-0.6667,3.548,#48b571
0,-1,-0.7239,#2c768c
0.3333,-1,-2.2171,#365e8b
0.3333,-0.6667,0.106,#27838c
0,-1,-0.7239,#2c768c
0.3333,-0.6667,0.106,#27838c
0,-0.6667,1.7615,#2d9c84
0.3333,-1,-2.2171,#365e8b
0.6667,-1,-1.7683,#33658b
0.6667,-0.6667,0.3065,#26868c
0.3333,-1,-2.2171,#365e8b
0.6667,-0.6667,0.3065,#26868c
0.3333,-0.6667,0.106,#27838c
0.6667,-1,-1.7683,#33658b
1,-1,-0.2729,#297d8c
1,-0.6667,1.5725,#2a9986
0.6667,-1,-1.7683,#33658b
1,-0.6667,1.5725,#2a9986
0.6667,-0.6667,0.3065,#26868c
1,-1,-0.2729,#297d8c
1.3333,-1,0.7421,#238d8c
1.3333,-0.6667,2.1865,#33a280
1,-1,-0.2729,#297d8c
1.3333,-0.6667,2.1865,#33a280
1,-0.6667,1.5725,#2a9986
1.3333,-1,0.7421,#238d8c
1.6667,-1,0.8368,#228e8c
1.6667,-0.6667,1.7343,#2c9b84
1.3333,-1,0.7421,#238d8c
1.6667,-0.6667,1.7343,#2c9b84
1.3333,-0.6667,2.1865,#33a280
1.6667,-1,0.8368,#228e8c
2,-1,0.4996,#24898c
2,-0.6667,0.9262,#21908c
1.6667,-1,0.8368,#228e8c
2,-0.6667,0.9262,#21908c
1.6667,-0.6667,1.7343,#2c9b84
2,-1,0.4996,#24898c
2.3333,-1,0.2016,#26848c
2.3333,-0.6667,0.3559,#25878c
2,-1,0.4996,#24898c
2.3333,-0.6667,0.3559,#25878c
2,-0.6667,0.9262,#21908c
2.3333,-1,0.2016,#26848c
2.6667,-1,0.0591,#27828c
2.6667,-0.6667,0.1018,#27838c
2.3333,-1,0.2016,#26848c
2.6667,-0.6667,0.1018,#27838c
2.3333,-0.6667,0.3559,#25878c
2.6667,-1,0.0591,#27828c
3,-1,0.013,#27818c
3,-0.6667,0.0221,#27828c
2.6667,-1,0.0591,#27828c
3,-0.6667,0.0221,#27828c
2.6667,-0.6667,0.1018,#27838c
-3,-0.6667,-0.0196,#28818c
-2.6667,-0.6667,-0.081,#28808c
-2.6667,-0.3333,-0.132,#287f8c
-3,-0.6667,-0.0196,#28818c
-2.6667,-0.3333,-0.132,#287f8c
-3,-0.3333,-0.0308,#28818c
-2.6667,-0.6667,-0.081,#28808c
-2.3333,-0.6667,-0.2499,#297d8c
-2.3333,-0.3333,-0.4313,#2a7a8c
-2.6667,-0.6667,-0.081,#28808c
-2.3333,-0.3333,-0.4313,#2a7a8c
-2.6667,-0.3333,-0.132,#287f8c
-2.3333,-0.6667,-0.2499,#297d8c
-2,-0.6667,-0.5441,#2b798c
-2,-0.3333,-1.0389,#2e718b
-2.3333,-0.6667,-0.2499,#297d8c
-2,-0.3333,-1.0389,#2e718b
-2.3333,-0.3333,-0.4313,#2a7a8c
-2,-0.6667,-0.5441,#2b798c
-1.6667,-0.6667,-0.7154,#2c768c
-1.6667,-0.3333,-1.7334,#33668b
-2,-0.6667,-0.5441,#2b798c
-1.6667,-0.3333,-1.7334,#33668b
-2,-0.3333,-1.0389,#2e718b
-1.6667,-0.6667,-0.7154,#2c768c
-1.3333,-0.6667,-0.1435,#287f8c
-1.3333,-0.3333,-1.6848,#32678b
-1.6667,-0.6667,-0.7154,#2c768c
-1.3333,-0.3333,-1.6848,#32678b
-1.6667,-0.3333,-1.7334,#33668b
-1.3333,-0.6667,-0.1435,#287f8c
-1,-0.6667,1.539,#299986
-1,-0.3333,-0.1148,#287f8c
-1.3333,-0.6667,-0.1435,#287f8c
-1,-0.3333,-0.1148,#287f8c
-1.3333,-0.3333,-1.6848,#32678b
-1,-0.6667,1.539,#299986
-0.6667,-0.6667,3.3787,#45b273
-0.6667,-0.3333,2.2004,#33a27f
-1,-0.6667,1.539,#299986
-0.6667,-0.3333,2.2004,#33a27f
-1,-0.3333,-0.1148,#287f8c
-0.6667,-0.6667,3.3787,#45b273
-0.3333,-0.6667,3.548,#48b571
-0.3333,-0.3333,3.0731,#41ae76
-0.6667,-0.6667,3.3787,#45b273
-0.3333,-0.3333,3.0731,#41ae76
-0.6667,-0.3333,2.2004,#33a27f
-0.3333,-0.6667,3.548,#48b571
0,-0.6667,1.7615,#2d9c84
0,-0.3333,1.777,#2d9c84
-0.3333,-0.6667,3.548,#48b571
0,-0.3333,1.777,#2d9c84
-0.3333,-0.3333,3.0731,#41ae76
0,-0.6667,1.7615,#2d9c84
0.3333,-0.6667,0.106,#27838c
0.3333,-0.3333,0.4444,#25888c
0,-0.6667,1.7615,#2d9c84
0.3333,-0.3333,0.4444,#25888c
0,-0.3333,1.777,#2d9c84
0.3333,-0.6667,0.106,#27838c
0.6667,-0.6667,0.3065,#26868c
0.6667,-0.3333,1.0299,#21918c
0.3333,-0.6667,0.106,#27838c
0.6667,-0.3333,1.0299,#21918c
0.3333,-0.3333,0.4444,#25888c
0.6667,-0.6667,0.3065,#26868c
1,-0.6667,1.5725,#2a9986
1,-0.3333,2.6145,#3aa87b
0.6667,-0.6667,0.3065,#26868c
1,-0.3333,2.6145,#3aa87b
0.6667,-0.3333,1.0299,#21918c
1,-0.6667,1.5725,#2a9986
1.3333,-0.6667,2.1865,#33a280
1.3333,-0.3333,3.2102,#43b075
1,-0.6667,1.5725,#2a9986
1.3333,-0.3333,3.2102,#43b075
1,-0.3333,2.6145,#3aa87b
1.3333,-0.6667,2.1865,#33a280
1.6667,-0.6667,1.7343,#2c9b84
1.6667,-0.3333,2.441,#37a57d
1.3333,-0.6667,2.1865,#33a280
1.6667,-0.3333,2.441,#37a57d
1.3333,-0.3333,3.2102,#43b075
1.6667,-0.6667,1.7343,#2c9b84
2,-0.6667,0.9262,#21908c
2,-0.3333,1.2801,#259589
1.6667,-0.6667,1.7343,#2c9b84
2,-0.3333,1.2801,#259589
1.6667,-0.3333,2.441,#37a57d
2,-0.6667,0.9262,#21908c
2.3333,-0.6667,0.3559,#25878c
2.3333,-0.3333,0.4877,#24898c
2,-0.6667,0.9262,#21908c
2.3333,-0.3333,0.4877,#24898c
2,-0.3333,1.2801,#259589
2.3333,-0.6667,0.3559,#25878c
2.6667,-0.6667,0.1018,#27838c
2.6667,-0.3333,0.1389,#27838c
2.3333,-0.6667,0.3559,#25878c
2.6667,-0.3333,0.1389,#27838c
2.3333,-0.3333,0.4877,#24898c
2.6667,-0.6667,0.1018,#27838c
3,-0.6667,0.0221,#27828c
3,-0.3333,0.0301,#27828c
2.6667,-0.6667,0.1018,#27838c
3,-0.3333,0.0301,#27828c
2.6667,-0.3333,0.1389,#27838c
-3,-0.3333,-0.0308,#28818c
-2.6667,-0.3333,-0.132,#287f8c
-2.6667,0,-0.159,#297f8c
-3,-0.3333,-0.0308,#28818c
-2.6667,0,-0.159,#297f8c
-3,0,-0.0365,#28818c
-2.6667,-0.3333,-0.132,#287f8c
-2.3333,-0.3333,-0.4313,#2a7a8c
-2.3333,0,-0.532,#2b798c
-2.6667,-0.3333,-0.132,#287f8c
-2.3333,0,-0.532,#2b798c
-2.6667,0,-0.159,#297f8c
-2.3333,-0.3333,-0.4313,#2a7a8c
-2,-0.3333,-1.0389,#2e718b
-2,0,-1.3327,#306c8b
-2.3333,-0.3333,-0.4313,#2a7a8c
-2,0,-1.3327,#306c8b
-2.3333,0,-0.532,#2b798c
-2,-0.3333,-1.0389,#2e718b
-1.6667,-0.3333,-1.7334,#33668b
-1.6667,0,-2.397,#375b8b
-2,-0.3333,-1.0389,#2e718b
-1.6667,0,-2.397,#375b8b
-2,0,-1.3327,#306c8b
-1.6667,-0.3333,-1.7334,#33668b
-1.3333,-0.3333,-1.6848,#32678b
-1.3333,0,-2.8383,#3a558b
-1.6667,-0.3333,-1.7334,#33668b
-1.3333,0,-2.8383,#3a558b
-1.6667,0,-2.397,#375b8b
-1.3333,-0.3333,-1.6848,#32678b
-1,-0.3333,-0.1148,#287f8c
-1,0,-1.6523,#32678b
-1.3333,-0.3333,-1.6848,#32678b
-1,0,-1.6523,#32678b
-1.3333,0,-2.8383,#3a558b
-1,-0.3333,-0.1148,#287f8c
-0.6667,-0.3333,2.2004,#33a27f
-0.6667,0,0.6225,#238b8c
-1,-0.3333,-0.1148,#287f8c
-0.6667,0,0.6225,#238b8c
-1,0,-1.6523,#32678b
-0.6667,-0.3333,2.2004,#33a27f
-0.3333,-0.3333,3.0731,#41ae76
-0.3333,0,1.8071,#2d9c84
-0.6667,-0.3333,2.2004,#33a27f
-0.3333,0,1.8071,#2d9c84
-0.6667,0,0.6225,#238b8c
-0.3333,-0.3333,3.0731,#41ae76
0,-0.3333,1.777,#2d9c84
0,0,0.981,#21918c
-0.3333,-0.3333,3.0731,#41ae76
0,0,0.981,#21918c
-0.3333,0,1.8071,#2d9c84
0,-0.3333,1.777,#2d9c84
0.3333,-0.3333,0.4444,#25888c
0.3333,0,0.1174,#27838c
0,-0.3333,1.777,#2d9c84
0.3333,0,0.1174,#27838c
0,0,0.981,#21918c
0.3333,-0.3333,0.4444,#25888c
0.6667,-0.3333,1.0299,#21918c
0.6667,0,1.1028,#23928b
0.3333,-0.3333,0.4444,#25888c
0.6667,0,1.1028,#23928b
0.3333,0,0.1174,#27838c
0.6667,-0.3333,1.0299,#21918c
1,-0.3333,2.6145,#3aa87b
1,0,2.9369,#3fac78
0.6667,-0.3333,1.0299,#21918c
1,0,2.9369,#3fac78
0.6667,0,1.1028,#23928b
1,-0.3333,2.6145,#3aa87b
1.3333,-0.3333,3.2102,#43b075
1.3333,0,3.5748,#48b571
1,-0.3333,2.6145,#3aa87b
1.3333,0,3.5748,#48b571
1,0,2.9369,#3fac78
1.3333,-0.3333,3.2102,#43b075
1.6667,-0.3333,2.441,#37a57d
1.6667,0,2.7015,#3ba97a
1.3333,-0.3333,3.2102,#43b075
1.6667,0,2.7015,#3ba97a
1.3333,0,3.5748,#48b571
1.6667,-0.3333,2.441,#37a57d
2,-0.3333,1.2801,#259589
2,0,1.4122,#279788
1.6667,-0.3333,2.441,#37a57d
2,0,1.4122,#279788
1.6667,0,2.7015,#3ba97a
2,-0.3333,1.2801,#259589
2.3333,-0.3333,0.4877,#24898c
2.3333,0,0.5371,#248a8c
2,-0.3333,1.2801,#259589
2.3333,0,0.5371,#248a8c
2,0,1.4122,#279788
2.3333,-0.3333,0.4877,#24898c
2.6667,-0.3333,0.1389,#27838c
2.6667,0,0.1529,#27848c
2.3333,-0.3333,0.4877,#24898c
2.6667,0,0.1529,#27848c
2.3333,0,0.5371,#248a8c
2.6667,-0.3333,0.1389,#27838c
3,-0.3333,0.0301,#27828c
3,0,0.0331,#27828c
2.6667,-0.3333,0.1389,#27838c
3,0,0.0331,#27828c
2.6667,0,0.1529,#27848c
-3,0,-0.0365,#28818c
-2.6667,0,-0.159,#297f8c
-2.6667,0.3333,-0.1475,#287f8c
-3,0,-0.0365,#28818c
-2.6667,0.3333,-0.1475,#287f8c
-3,0.3333,-0.0336,#28818c
-2.6667,0,-0.159,#297f8c
-2.3333,0,-0.532,#2b798c
-2.3333,0.3333,-0.499,#2b798c
-2.6667,0,-0.159,#297f8c
-2.3333,0.3333,-0.499,#2b798c
-2.6667,0.3333,-0.1475,#287f8c
-2.3333,0,-0.532,#2b798c
-2,0,-1.3327,#306c8b
-2,0.3333,-1.2711,#306d8b
-2.3333,0,-0.532,#2b798c
-2,0.3333,-1.2711,#306d8b
-2.3333,0.3333,-0.499,#2b798c
-2,0,-1.3327,#306c8b
-1.6667,0,-2.397,#375b8b
-1.6667,0.3333,-2.3552,#375c8b
-2,0,-1.3327,#306c8b
-1.6667,0.3333,-2.3552,#375c8b
-2,0.3333,-1.2711,#306d8b
-1.6667,0,-2.397,#375b8b
-1.3333,0,-2.8383,#3a558b
-1.3333,0.3333,-2.9758,#3b528b
-1.6667,0,-2.397,#375b8b
-1.3333,0.3333,-2.9758,#3b528b
-1.6667,0.3333,-2.3552,#375c8b
-1.3333,0,-2.8383,#3a558b
-1,0,-1.6523,#32678b
-1,0.3333,-2.1722,#365f8b
-1.3333,0,-2.8383,#3a558b
-1,0.3333,-2.1722,#365f8b
-1.3333,0.3333,-2.9758,#3b528b
-1,0,-1.6523,#32678b
-0.6667,0,0.6225,#238b8c
-0.6667,0.3333,-0.2752,#297d8c
-1,0,-1.6523,#32678b
-0.6667,0.3333,-0.2752,#297d8c
-1,0.3333,-2.1722,#365f8b
-0.6667,0,0.6225,#238b8c
-0.3333,0,1.8071,#2d9c84
-0.3333,0.3333,0.8856,#228f8c
-0.6667,0,0.6225,#238b8c
-0.3333,0.3333,0.8856,#228f8c
-0.6667,0.3333,-0.2752,#297d8c
-0.3333,0,1.8071,#2d9c84
0,0,0.981,#21918c
0,0.3333,0.4341,#25888c
-0.3333,0,1.8071,#2d9c84
0,0.3333,0.4341,#25888c
-0.3333,0.3333,0.8856,#228f8c
0,0,0.981,#21918c
0.3333,0,0.1174,#27838c
0.3333,0.3333,-0.0531,#28808c
0,0,0.981,#21918c
0.3333,0.3333,-0.0531,#28808c
0,0.3333,0.4341,#25888c
0.3333,0,0.1174,#27838c
0.6667,0,1.1028,#23928b
0.6667,0.3333,0.9762,#21918c
0.3333,0,0.1174,#27838c
0.6667,0.3333,0.9762,#21918c
0.3333,0.3333,-0.0531,#28808c
0.6667,0,1.1028,#23928b
1,0,2.9369,#3fac78
1,0.3333,2.6416,#3aa87b
0.6667,0,1.1028,#23928b
1,0.3333,2.6416,#3aa87b
0.6667,0.3333,0.9762,#21918c
1,0,2.9369,#3fac78
1.3333,0,3.5748,#48b571
1.3333,0.3333,3.1961,#42b075
1,0,2.9369,#3fac78
1.3333,0.3333,3.1961,#42b075
1,0.3333,2.6416,#3aa87b
1.3333,0,3.5748,#48b571
1.6667,0,2.7015,#3ba97a
1.6667,0.3333,2.4064,#36a57d
1.3333,0,3.5748,#48b571
1.6667,0.3333,2.4064,#36a57d
1.3333,0.3333,3.1961,#42b075
1.6667,0,2.7015,#3ba97a
2,0,1.4122,#279788
2,0.3333,1.2555,#259589
1.6667,0,2.7015,#3ba97a
2,0.3333,1.2555,#259589
1.6667,0.3333,2.4064,#36a57d
2,0,1.4122,#279788
2.3333,0,0.5371,#248a8c
2.3333,0.3333,0.4771,#24898c
2,0,1.4122,#279788
2.3333,0.3333,0.4771,#24898c
2,0.3333,1.2555,#259589
2.3333,0,0.5371,#248a8c
2.6667,0,0.1529,#27848c
2.6667,0.3333,0.1357,#27838c
2.3333,0,0.5371,#248a8c
2.6667,0.3333,0.1357,#27838c
2.3333,0.3333,0.4771,#24898c
2.6667,0,0.1529,#27848c
3,0,0.0331,#27828c
3,0.3333,0.0294,#27828c
2.6667,0,0.1529,#27848c
3,0.3333,0.0294,#27828c
2.6667,0.3333,0.1357,#27838c
-3,0.3333,-0.0336,#28818c
-2.6667,0.3333,-0.1475,#287f8c
-2.6667,0.6667,-0.107,#28808c
-3,0.3333,-0.0336,#28818c
-2.6667,0.6667,-0.107,#28808c
-3,0.6667,-0.0243,#28818c
-2.6667,0.3333,-0.1475,#287f8c
-2.3333,0.3333,-0.499,#2b798c
-2.3333,0.6667,-0.3625,#2a7c8c
-2.6667,0.3333,-0.1475,#287f8c
-2.3333,0.6667,-0.3625,#2a7c8c
-2.6667,0.6667,-0.107,#28808c
-2.3333,0.3333,-0.499,#2b798c
-2,0.3333,-1.2711,#306d8b
-2,0.6667,-0.9249,#2e738c
-2.3333,0.3333,-0.499,#2b798c
-2,0.6667,-0.9249,#2e738c
-2.3333,0.6667,-0.3625,#2a7c8c
-2,0.3333,-1.2711,#306d8b
-1.6667,0.3333,-2.3552,#375c8b
-1.6667,0.6667,-1.7148,#33668b
-2,0.3333,-1.2711,#306d8b
-1.6667,0.6667,-1.7148,#33668b
-2,0.6667,-0.9249,#2e738c
-1.6667,0.3333,-2.3552,#375c8b
-1.3333,0.3333,-2.9758,#3b528b
-1.3333,0.6667,-2.1566,#365f8b
-1.6667,0.3333,-2.3552,#375c8b
-1.3333,0.6667,-2.1566,#365f8b
-1.6667,0.6667,-1.7148,#33668b
-1.3333,0.3333,-2.9758,#3b528b
-1,0.3333,-2.1722,#365f8b
-1,0.6667,-1.5156,#31698b
-1.3333,0.3333,-2.9758,#3b528b
-1,0.6667,-1.5156,#31698b
-1.3333,0.6667,-2.1566,#365f8b
-1,0.3333,-2.1722,#365f8b
-0.6667,0.3333,-0.2752,#297d8c
-0.6667,0.6667,0.0124,#27818c
-1,0.3333,-2.1722,#365f8b
-0.6667,0.6667,0.0124,#27818c
-1,0.6667,-1.5156,#31698b
-0.6667,0.3333,-0.2752,#297d8c
-0.3333,0.3333,0.8856,#228f8c
-0.3333,0.6667,1.0853,#22928b
-0.6667,0.3333,-0.2752,#297d8c
-0.3333,0.6667,1.0853,#22928b
-0.6667,0.6667,0.0124,#27818c
-0.3333,0.3333,0.8856,#228f8c
0,0.3333,0.4341,#25888c
0,0.6667,0.9523,#21908c
-0.3333,0.3333,0.8856,#228f8c
0,0.6667,0.9523,#21908c
-0.3333,0.6667,1.0853,#22928b
0,0.3333,0.4341,#25888c
0.3333,0.3333,-0.0531,#28808c
0.3333,0.6667,0.6236,#238b8c
0,0.3333,0.4341,#25888c
0.3333,0.6667,0.6236,#238b8c
0,0.6667,0.9523,#21908c
0.3333,0.3333,-0.0531,#28808c
0.6667,0.3333,0.9762,#21918c
0.6667,0.6667,1.2113,#24948a
0.3333,0.3333,-0.0531,#28808c
0.6667,0.6667,1.2113,#24948a
0.3333,0.6667,0.6236,#238b8c
0.6667,0.3333,0.9762,#21918c
1,0.3333,2.6416,#3aa87b
1,0.6667,2.1937,#33a27f
0.6667,0.3333,0.9762,#21918c
1,0.6667,2.1937,#33a27f
0.6667,0.6667,1.2113,#24948a
1,0.3333,2.6416,#3aa87b
1.3333,0.3333,3.1961,#42b075
1.3333,0.6667,2.425,#37a57d
1,0.3333,2.6416,#3aa87b
1.3333,0.6667,2.425,#37a57d
1,0.6667,2.1937,#33a27f
1.3333,0.3333,3.1961,#42b075
1.6667,0.3333,2.4064,#36a57d
1.6667,0.6667,1.7703,#2d9c84
1.3333,0.3333,3.1961,#42b075
1.6667,0.6667,1.7703,#2d9c84
1.3333,0.6667,2.425,#37a57d
1.6667,0.3333,2.4064,#36a57d
2,0.3333,1.2555,#259589
2,0.6667,0.9114,#22908c
1.6667,0.3333,2.4064,#36a57d
2,0.6667,0.9114,#22908c
1.6667,0.6667,1.7703,#2d9c84
2,0.3333,1.2555,#259589
2.3333,0.3333,0.4771,#24898c
2.3333,0.6667,0.344,#25878c
2,0.3333,1.2555,#259589
2.3333,0.6667,0.344,#25878c
2,0.6667,0.9114,#22908c
2.3333,0.3333,0.4771,#24898c
2.6667,0.3333,0.1357,#27838c
2.6667,0.6667,0.0975,#27838c
2.3333,0.3333,0.4771,#24898c
2.6667,0.6667,0.0975,#27838c
2.3333,0.6667,0.344,#25878c
2.6667,0.3333,0.1357,#27838c
3,0.3333,0.0294,#27828c
3,0.6667,0.0211,#27828c
2.6667,0.3333,0.1357,#27838c
3,0.6667,0.0211,#27828c
2.6667,0.6667,0.0975,#27838c
-3,0.6667,-0.0243,#28818c
-2.6667,0.6667,-0.107,#28808c
-2.6667,1,-0.0593,#28808c
-3,0.6667,-0.0243,#28818c
-2.6667,1,-0.0593,#28808c
-3,1,-0.0137,#28818c
-2.6667,0.6667,-0.107,#28808c
-2.3333,0.6667,-0.3625,#2a7c8c
-2.3333,1,-0.1967,#297e8c
-2.6667,0.6667,-0.107,#28808c
-2.3333,1,-0.1967,#297e8c
-2.6667,1,-0.0593,#28808c
-2.3333,0.6667,-0.3625,#2a7c8c
-2,0.6667,-0.9249,#2e738c
-2,1,-0.4808,#2b7a8c
-2.3333,0.6667,-0.3625,#2a7c8c
-2,1,-0.4808,#2b7a8c
-2.3333,1,-0.1967,#297e8c
-2,0.6667,-0.9249,#2e738c
-1.6667,0.6667,-1.7148,#33668b
-1.6667,1,-0.8083,#2d758c
-2,0.6667,-0.9249,#2e738c
-1.6667,1,-0.8083,#2d758c
-2,1,-0.4808,#2b7a8c
-1.6667,0.6667,-1.7148,#33668b
-1.3333,0.6667,-2.1566,#365f8b
-1.3333,1,-0.7454,#2c768c
-1.6667,0.6667,-1.7148,#33668b
-1.3333,1,-0.7454,#2c768c
-1.6667,1,-0.8083,#2d758c
-1.3333,0.6667,-2.1566,#365f8b
-1,0.6667,-1.5156,#31698b
-1,1,0.2289,#26858c
-1.3333,0.6667,-2.1566,#365f8b
-1,1,0.2289,#26858c
-1.3333,1,-0.7454,#2c768c
-1,0.6667,-1.5156,#31698b
-0.6667,0.6667,0.0124,#27818c
-0.6667,1,1.9625,#309e82
-1,0.6667,-1.5156,#31698b
-0.6667,1,1.9625,#309e82
-1,1,0.2289,#26858c
-0.6667,0.6667,0.0124,#27818c
-0.3333,0.6667,1.0853,#22928b
-0.3333,1,3.3983,#46b373
-0.6667,0.6667,0.0124,#27818c
-0.3333,1,3.3983,#46b373
-0.6667,1,1.9625,#309e82
-0.3333,0.6667,1.0853,#22928b
0,0.6667,0.9523,#21908c
0,1,3.6886,#4ab770
-0.3333,0.6667,1.0853,#22928b
0,1,3.6886,#4ab770
-0.3333,1,3.3983,#46b373
0,0.6667,0.9523,#21908c
0.3333,0.6667,0.6236,#238b8c
0.3333,1,3.1955,#42b075
0,0.6667,0.9523,#21908c
0.3333,1,3.1955,#42b075
0,1,3.6886,#4ab770
0.3333,0.6667,0.6236,#238b8c
0.6667,0.6667,1.2113,#24948a
0.6667,1,2.7395,#3ca97a
0.3333,0.6667,0.6236,#238b8c
0.6667,1,2.7395,#3ca97a
0.3333,1,3.1955,#42b075
0.6667,0.6667,1.2113,#24948a
1,0.6667,2.1937,#33a27f
1,1,2.4338,#37a57d
0.6667,0.6667,1.2113,#24948a
1,1,2.4338,#37a57d
0.6667,1,2.7395,#3ca97a
1,0.6667,2.1937,#33a27f
1.3333,0.6667,2.425,#37a57d
1.3333,1,1.9303,#2f9e82
1,0.6667,2.1937,#33a27f
1.3333,1,1.9303,#2f9e82
1,1,2.4338,#37a57d
1.3333,0.6667,2.425,#37a57d
1.6667,0.6667,1.7703,#2d9c84
1.6667,1,1.2129,#24948a
1.3333,0.6667,2.425,#37a57d
1.6667,1,1.2129,#24948a
1.3333,1,1.9303,#2f9e82
1.6667,0.6667,1.7703,#2d9c84
2,0.6667,0.9114,#22908c
2,1,0.5805,#248a8c
1.6667,0.6667,1.7703,#2d9c84
2,1,0.5805,#248a8c
1.6667,1,1.2129,#24948a
2,0.6667,0.9114,#22908c
2.3333,0.6667,0.344,#25878c
2.3333,1,0.2108,#26858c
2,0.6667,0.9114,#22908c
2.3333,1,0.2108,#26858c
2,1,0.5805,#248a8c
2.3333,0.6667,0.344,#25878c
2.6667,0.6667,0.0975,#27838c
2.6667,1,0.0584,#27828c
2.3333,0.6667,0.344,#25878c
2.6667,1,0.0584,#27828c
2.3333,1,0.2108,#26858c
2.6667,0.6667,0.0975,#27838c
3,0.6667,0.0211,#27828c
3,1,0.0125,#27818c
2.6667,0.6667,0.0975,#27838c
3,1,0.0125,#27818c
2.6667,1,0.0584,#27828c
-3,1,-0.0137,#28818c
-2.6667,1,-0.0593,#28808c
-2.6667,1.3333,-0.023,#28818c
-3,1,-0.0137,#28818c
-2.6667,1.3333,-0.023,#28818c
-3,1.3333,-0.0056,#28818c
-2.6667,1,-0.0593,#28808c
-2.3333,1,-0.1967,#297e8c
-2.3333,1.3333,-0.0675,#28808c
-2.6667,1,-0.0593,#28808c
-2.3333,1.3333,-0.0675,#28808c
-2.6667,1.3333,-0.023,#28818c
-2.3333,1,-0.1967,#297e8c
-2,1,-0.4808,#2b7a8c
-2,1.3333,-0.1234,#287f8c
-2.3333,1,-0.1967,#297e8c
-2,1.3333,-0.1234,#287f8c
-2.3333,1.3333,-0.0675,#28808c
-2,1,-0.4808,#2b7a8c
-1.6667,1,-0.8083,#2d758c
-1.6667,1.3333,-0.039,#28818c
-2,1,-0.4808,#2b7a8c
-1.6667,1.3333,-0.039,#28818c
-2,1.3333,-0.1234,#287f8c
-1.6667,1,-0.8083,#2d758c
-1.3333,1,-0.7454,#2c768c
-1.3333,1.3333,0.5643,#248a8c
-1.6667,1,-0.8083,#2d758c
-1.3333,1.3333,0.5643,#248a8c
-1.6667,1.3333,-0.039,#28818c
-1.3333,1,-0.7454,#2c768c
-1,1,0.2289,#26858c
-1,1.3333,2.0854,#32a081
-1.3333,1,-0.7454,#2c768c
-1,1.3333,2.0854,#32a081
-1.3333,1.3333,0.5643,#248a8c
-1,1,0.2289,#26858c
-0.6667,1,1.9625,#309e82
-0.6667,1.3333,4.3627,#54c069
-1,1,0.2289,#26858c
-0.6667,1.3333,4.3627,#54c069
-1,1.3333,2.0854,#32a081
-0.6667,1,1.9625,#309e82
-0.3333,1,3.3983,#46b373
-0.3333,1.3333,6.4025,#96d44d
-0.6667,1,1.9625,#309e82
-0.3333,1.3333,6.4025,#96d44d
-0.6667,1.3333,4.3627,#54c069
-0.3333,1,3.3983,#46b373
0,1,3.6886,#4ab770
0,1.3333,7.1144,#b2d942
-0.3333,1,3.3983,#46b373
0,1.3333,7.1144,#b2d942
-0.3333,1.3333,6.4025,#96d44d
0,1,3.6886,#4ab770
0.3333,1,3.1955,#42b075
0.3333,1.3333,6.3241,#93d34e
0,1,3.6886,#4ab770
0.3333,1.3333,6.3241,#93d34e
0,1.3333,7.1144,#b2d942
0.3333,1,3.1955,#42b075
0.6667,1,2.7395,#3ca97a
0.6667,1.3333,4.7406,#5ac565
0.3333,1,3.1955,#42b075
0.6667,1.3333,4.7406,#5ac565
0.3333,1.3333,6.3241,#93d34e
0.6667,1,2.7395,#3ca97a
1,1,2.4338,#37a57d
1,1.3333,3.1165,#41af76
0.6667,1,2.7395,#3ca97a
1,1.3333,3.1165,#41af76
0.6667,1.3333,4.7406,#5ac565
1,1,2.4338,#37a57d
1.3333,1,1.9303,#2f9e82
1.3333,1.3333,1.8047,#2d9c84
1,1,2.4338,#37a57d
1.3333,1.3333,1.8047,#2d9c84
1,1.3333,3.1165,#41af76
1.3333,1,1.9303,#2f9e82
1.6667,1,1.2129,#24948a
1.6667,1.3333,0.8946,#228f8c
1.3333,1,1.9303,#2f9e82
1.6667,1.3333,0.8946,#228f8c
1.3333,1.3333,1.8047,#2d9c84
1.6667,1,1.2129,#24948a
2,1,0.5805,#248a8c
2,1.3333,0.3659,#25878c
1.6667,1,1.2129,#24948a
2,1.3333,0.3659,#25878c
1.6667,1.3333,0.8946,#228f8c
2,1,0.5805,#248a8c
2.3333,1,0.2108,#26858c
2.3333,1.3333,0.1202,#27838c
2,1,0.5805,#248a8c
2.3333,1.3333,0.1202,#27838c
2,1.3333,0.3659,#25878c
2.3333,1,0.2108,#26858c
2.6667,1,0.0584,#27828c
2.6667,1.3333,0.0313,#27828c
2.3333,1,0.2108,#26858c
2.6667,1.3333,0.0313,#27828c
2.3333,1.3333,0.1202,#27838c
2.6667,1,0.0584,#27828c
3,1,0.0125,#27818c
3,1.3333,0.0064,#27818c
2.6667,1,0.0584,#27828c
3,1.3333,0.0064,#27818c
2.6667,1.3333,0.0313,#27828c
-3,1.3333,-0.0056,#28818c
-2.6667,1.3333,-0.023,#28818c
-2.6667,1.6667,-0.0041,#28818c
-3,1.3333,-0.0056,#28818c
-2.6667,1.6667,-0.0041,#28818c
-3,1.6667,-0.0014,#28818c
-2.6667,1.3333,-0.023,#28818c
-2.3333,1.3333,-0.0675,#28808c
-2.3333,1.6667,-0.0017,#28818c
-2.6667,1.3333,-0.023,#28818c
-2.3333,1.6667,-0.0017,#28818c
-2.6667,1.6667,-0.0041,#28818c
-2.3333,1.3333,-0.0675,#28808c
-2,1.3333,-0.1234,#287f8c
-2,1.6667,0.0527,#27828c
-2.3333,1.3333,-0.0675,#28808c
-2,1.6667,0.0527,#27828c
-2.3333,1.6667,-0.0017,#28818c
-2,1.3333,-0.1234,#287f8c
-1.6667,1.3333,-0.039,#28818c
-1.6667,1.6667,0.3189,#25868c
-2,1.3333,-0.1234,#287f8c
-1.6667,1.6667,0.3189,#25868c
-2,1.6667,0.0527,#27828c
-1.6667,1.3333,-0.039,#28818c
-1.3333,1.3333,0.5643,#248a8c
-1.3333,1.6667,1.1141,#23938b
-1.6667,1.3333,-0.039,#28818c
-1.3333,1.6667,1.1141,#23938b
-1.6667,1.6667,0.3189,#25868c
-1.3333,1.3333,0.5643,#248a8c
-1,1.3333,2.0854,#32a081
-1,1.6667,2.7414,#3ca97a
-1.3333,1.3333,0.5643,#248a8c
-1,1.6667,2.7414,#3ca97a
-1.3333,1.6667,1.1141,#23938b
-1,1.3333,2.0854,#32a081
-0.6667,1.3333,4.3627,#54c069
-0.6667,1.6667,5.0477,#60c961
-1,1.3333,2.0854,#32a081
-0.6667,1.6667,5.0477,#60c961
-1,1.6667,2.7414,#3ca97a
-0.6667,1.3333,4.3627,#54c069
-0.3333,1.3333,6.4025,#96d44d
-0.3333,1.6667,7.1622,#b4d941
-0.6667,1.3333,4.3627,#54c069
-0.3333,1.6667,7.1622,#b4d941
-0.6667,1.6667,5.0477,#60c961
-0.3333,1.3333,6.4025,#96d44d
0,1.3333,7.1144,#b2d942
0,1.6667,7.9908,#d5df34
-0.3333,1.3333,6.4025,#96d44d
0,1.6667,7.9908,#d5df34
-0.3333,1.6667,7.1622,#b4d941
0,1.3333,7.1144,#b2d942
0.3333,1.3333,6.3241,#93d34e
0.3333,1.6667,7.1361,#b3d941
0,1.3333,7.1144,#b2d942
0.3333,1.6667,7.1361,#b3d941
0,1.6667,7.9908,#d5df34
0.3333,1.3333,6.3241,#93d34e
0.6667,1.3333,4.7406,#5ac565
0.6667,1.6667,5.1907,#66ca5f
0.3333,1.3333,6.3241,#93d34e
0.6667,1.6667,5.1907,#66ca5f
0.3333,1.6667,7.1361,#b3d941
0.6667,1.3333,4.7406,#5ac565
1,1.3333,3.1165,#41af76
1,1.6667,3.1242,#41af76
0.6667,1.3333,4.7406,#5ac565
1,1.6667,3.1242,#41af76
0.6667,1.6667,5.1907,#66ca5f
1,1.3333,3.1165,#41af76
1.3333,1.3333,1.8047,#2d9c84
1.3333,1.6667,1.5724,#2a9986
1,1.3333,3.1165,#41af76
1.3333,1.6667,1.5724,#2a9986
1,1.6667,3.1242,#41af76
1.3333,1.3333,1.8047,#2d9c84
1.6667,1.3333,0.8946,#228f8c
1.6667,1.6667,0.6633,#238c8c
1.3333,1.3333,1.8047,#2d9c84
1.6667,1.6667,0.6633,#238c8c
1.3333,1.6667,1.5724,#2a9986
1.6667,1.3333,0.8946,#228f8c
2,1.3333,0.3659,#25878c
2,1.6667,0.233,#26858c
1.6667,1.3333,0.8946,#228f8c
2,1.6667,0.233,#26858c
1.6667,1.6667,0.6633,#238c8c
2,1.3333,0.3659,#25878c
2.3333,1.3333,0.1202,#27838c
2.3333,1.6667,0.0674,#27828c
2,1.3333,0.3659,#25878c
2.3333,1.6667,0.0674,#27828c
2,1.6667,0.233,#26858c
2.3333,1.3333,0.1202,#27838c
2.6667,1.3333,0.0313,#27828c
2.6667,1.6667,0.0159,#27828c
2.3333,1.3333,0.1202,#27838c
2.6667,1.6667,0.0159,#27828c
2.3333,1.6667,0.0674,#27828c
2.6667,1.3333,0.0313,#27828c
3,1.3333,0.0064,#27818c
3,1.6667,0.003,#27818c
2.6667,1.3333,0.0313,#27828c
3,1.6667,0.003,#27818c
2.6667,1.6667,0.0159,#27828c
-3,1.6667,-0.0014,#28818c
-2.6667,1.6667,-0.0041,#28818c
-2.6667,2,0.0017,#27818c
-3,1.6667,-0.0014,#28818c
-2.6667,2,0.0017,#27818c
-3,2,0,#27818c
-2.6667,1.6667,-0.0041,#28818c
-2.3333,1.6667,-0.0017,#28818c
-2.3333,2,0.0146,#27818c
-2.6667,1.6667,-0.0041,#28818c
-2.3333,2,0.0146,#27818c
-2.6667,2,0.0017,#27818c
-2.3333,1.6667,-0.0017,#28818c
-2,1.6667,0.0527,#27828c
-2,2,0.0797,#27838c
-2.3333,1.6667,-0.0017,#28818c
-2,2,0.0797,#27838c
-2.3333,2,0.0146,#27818c
-2,1.6667,0.0527,#27828c
-1.6667,1.6667,0.3189,#25868c
-1.6667,2,0.3117,#25868c
-2,1.6667,0.0527,#27828c
-1.6667,2,0.3117,#25868c
-2,2,0.0797,#27838c
-1.6667,1.6667,0.3189,#25868c
-1.3333,1.6667,1.1141,#23938b
-1.3333,2,0.9203,#22908c
-1.6667,1.6667,0.3189,#25868c
-1.3333,2,0.9203,#22908c
-1.6667,2,0.3117,#25868c
-1.3333,1.6667,1.1141,#23938b
-1,1.6667,2.7414,#3ca97a
-1,2,2.0967,#32a080
-1.3333,1.6667,1.1141,#23938b
-1,2,2.0967,#32a080
-1.3333,2,0.9203,#22908c
-1,1.6667,2.7414,#3ca97a
-0.6667,1.6667,5.0477,#60c961
-0.6667,2,3.734,#4bb76f
-1,1.6667,2.7414,#3ca97a
-0.6667,2,3.734,#4bb76f
-1,2,2.0967,#32a080
-0.6667,1.6667,5.0477,#60c961
-0.3333,1.6667,7.1622,#b4d941
-0.3333,2,5.2462,#68cb5e
-0.6667,1.6667,5.0477,#60c961
-0.3333,2,5.2462,#68cb5e
-0.6667,2,3.734,#4bb76f
-0.3333,1.6667,7.1622,#b4d941
0,1.6667,7.9908,#d5df34
0,2,5.8591,#80cf55
-0.3333,1.6667,7.1622,#b4d941
0,2,5.8591,#80cf55
-0.3333,2,5.2462,#68cb5e
0,1.6667,7.9908,#d5df34
0.3333,1.6667,7.1361,#b3d941
0.3333,2,5.2389,#67cb5e
0,1.6667,7.9908,#d5df34
0.3333,2,5.2389,#67cb5e
0,2,5.8591,#80cf55
0.3333,1.6667,7.1361,#b3d941
0.6667,1.6667,5.1907,#66ca5f
0.6667,2,3.7767,#4bb86f
0.3333,1.6667,7.1361,#b3d941
0.6667,2,3.7767,#4bb86f
0.3333,2,5.2389,#67cb5e
0.6667,1.6667,5.1907,#66ca5f
1,1.6667,3.1242,#41af76
1,2,2.2099,#33a27f
0.6667,1.6667,5.1907,#66ca5f
1,2,2.2099,#33a27f
0.6667,2,3.7767,#4bb86f
1,1.6667,3.1242,#41af76
1.3333,1.6667,1.5724,#2a9986
1.3333,2,1.0557,#22928b
1,1.6667,3.1242,#41af76
1.3333,2,1.0557,#22928b
1,2,2.2099,#33a27f
1.3333,1.6667,1.5724,#2a9986
1.6667,1.6667,0.6633,#238c8c
1.6667,2,0.4133,#25888c
1.3333,1.6667,1.5724,#2a9986
1.6667,2,0.4133,#25888c
1.3333,2,1.0557,#22928b
1.6667,1.6667,0.6633,#238c8c
2,1.6667,0.233,#26858c
2,2,0.1328,#27838c
1.6667,1.6667,0.6633,#238c8c
2,2,0.1328,#27838c
1.6667,2,0.4133,#25888c
2,1.6667,0.233,#26858c
2.3333,1.6667,0.0674,#27828c
2.3333,2,0.035,#27828c
2,1.6667,0.233,#26858c
2.3333,2,0.035,#27828c
2,2,0.1328,#27838c
2.3333,1.6667,0.0674,#27828c
2.6667,1.6667,0.0159,#27828c
2.6667,2,0.0075,#27818c
2.3333,1.6667,0.0674,#27828c
2.6667,2,0.0075,#27818c
2.3333,2,0.035,#27828c
2.6667,1.6667,0.0159,#27828c
3,1.6667,0.003,#27818c
3,2,0.0013,#27818c
2.6667,1.6667,0.0159,#27828c
3,2,0.0013,#27818c
2.6667,2,0.0075,#27818c
-3,2,0,#27818c
-2.6667,2,0.0017,#27818c
-2.6667,2.3333,0.0017,#27818c
-3,2,0,#27818c
-2.6667,2.3333,0.0017,#27818c
-3,2.3333,0.0002,#27818c
-2.6667,2,0.0017,#27818c
-2.3333,2,0.0146,#27818c
-2.3333,2.3333,0.0104,#27818c
-2.6667,2,0.0017,#27818c
-2.3333,2.3333,0.0104,#27818c
-2.6667,2.3333,0.0017,#27818c
-2.3333,2,0.0146,#27818c
-2,2,0.0797,#27838c
-2,2.3333,0.0482,#27828c
-2.3333,2,0.0146,#27818c
-2,2.3333,0.0482,#27828c
-2.3333,2.3333,0.0104,#27818c
-2,2,0.0797,#27838c
-1.6667,2,0.3117,#25868c
-1.6667,2.3333,0.1733,#26848c
-2,2,0.0797,#27838c
-1.6667,2.3333,0.1733,#26848c
-2,2.3333,0.0482,#27828c
-1.6667,2,0.3117,#25868c
-1.3333,2,0.9203,#22908c
-1.3333,2.3333,0.4884,#24898c
-1.6667,2,0.3117,#25868c
-1.3333,2.3333,0.4884,#24898c
-1.6667,2.3333,0.1733,#26848c
-1.3333,2,0.9203,#22908c
-1,2,2.0967,#32a080
-1,2.3333,1.0852,#22928b
-1.3333,2,0.9203,#22908c
-1,2.3333,1.0852,#22928b
-1.3333,2.3333,0.4884,#24898c
-1,2,2.0967,#32a080
-0.6667,2,3.734,#4bb76f
-0.6667,2.3333,1.9102,#2f9e82
-1,2,2.0967,#32a080
-0.6667,2.3333,1.9102,#2f9e82
-1,2.3333,1.0852,#22928b
-0.6667,2,3.734,#4bb76f
-0.3333,2,5.2462,#68cb5e
-0.3333,2.3333,2.6741,#3ba87a
-0.6667,2,3.734,#4bb76f
-0.3333,2.3333,2.6741,#3ba87a
-0.6667,2.3333,1.9102,#2f9e82
-0.3333,2,5.2462,#68cb5e
0,2,5.8591,#80cf55
0,2.3333,2.9876,#3fad77
-0.3333,2,5.2462,#68cb5e
0,2.3333,2.9876,#3fad77
-0.3333,2.3333,2.6741,#3ba87a
0,2,5.8591,#80cf55
0.3333,2,5.2389,#67cb5e
0.3333,2.3333,2.6725,#3ba87a
0,2,5.8591,#80cf55
0.3333,2.3333,2.6725,#3ba87a
0,2.3333,2.9876,#3fad77
0.3333,2,5.2389,#67cb5e
0.6667,2,3.7767,#4bb86f
0.6667,2.3333,1.9203,#2f9e82
0.3333,2,5.2389,#67cb5e
0.6667,2.3333,1.9203,#2f9e82
0.3333,2.3333,2.6725,#3ba87a
0.6667,2,3.7767,#4bb86f
1,2,2.2099,#33a27f
1,2.3333,1.1119,#23938b
0.6667,2,3.7767,#4bb86f
1,2.3333,1.1119,#23938b
0.6667,2.3333,1.9203,#2f9e82
1,2,2.2099,#33a27f
1.3333,2,1.0557,#22928b
1.3333,2.3333,0.5204,#24898c
1,2,2.2099,#33a27f
1.3333,2.3333,0.5204,#24898c
1,2.3333,1.1119,#23938b
1.3333,2,1.0557,#22928b
1.6667,2,0.4133,#25888c
1.6667,2.3333,0.1973,#26848c
1.3333,2,1.0557,#22928b
1.6667,2.3333,0.1973,#26848c
1.3333,2.3333,0.5204,#24898c
1.6667,2,0.4133,#25888c
2,2,0.1328,#27838c
2,2.3333,0.0607,#27828c
1.6667,2,0.4133,#25888c
2,2.3333,0.0607,#27828c
1.6667,2.3333,0.1973,#26848c
2,2,0.1328,#27838c
2.3333,2,0.035,#27828c
2.3333,2.3333,0.0152,#27818c
2,2,0.1328,#27838c
2.3333,2.3333,0.0152,#27818c
2,2.3333,0.0607,#27828c
2.3333,2,0.035,#27828c
2.6667,2,0.0075,#27818c
2.6667,2.3333,0.0031,#27818c
2.3333,2,0.035,#27828c
2.6667,2.3333,0.0031,#27818c
2.3333,2.3333,0.0152,#27818c
2.6667,2,0.0075,#27818c
3,2,0.0013,#27818c
3,2.3333,0.0005,#27818c
2.6667,2,0.0075,#27818c
3,2.3333,0.0005,#27818c
2.6667,2.3333,0.0031,#27818c
-3,2.3333,0.0002,#27818c
-2.6667,2.3333,0.0017,#27818c
-2.6667,2.6667,0.0008,#27818c
-3,2.3333,0.0002,#27818c
-2.6667,2.6667,0.0008,#27818c
-3,2.6667,0.0001,#27818c
-2.6667,2.3333,0.0017,#27818c
-2.3333,2.3333,0.0104,#27818c
-2.3333,2.6667,0.0043,#27818c
-2.6667,2.3333,0.0017,#27818c
-2.3333,2.6667,0.0043,#27818c
-2.6667,2.6667,0.0008,#27818c
-2.3333,2.3333,0.0104,#27818c
-2,2.3333,0.0482,#27828c
-2,2.6667,0.0189,#27828c
-2.3333,2.3333,0.0104,#27818c
-2,2.6667,0.0189,#27828c
-2.3333,2.6667,0.0043,#27818c
-2,2.3333,0.0482,#27828c
-1.6667,2.3333,0.1733,#26848c
-1.6667,2.6667,0.0661,#27828c
-2,2.3333,0.0482,#27828c
-1.6667,2.6667,0.0661,#27828c
-2,2.6667,0.0189,#27828c
-1.6667,2.3333,0.1733,#26848c
-1.3333,2.3333,0.4884,#24898c
-1.3333,2.6667,0.1828,#26848c
-1.6667,2.3333,0.1733,#26848c
-1.3333,2.6667,0.1828,#26848c
-1.6667,2.6667,0.0661,#27828c
-1.3333,2.3333,0.4884,#24898c
-1,2.3333,1.0852,#22928b
-1,2.6667,0.4021,#25888c
-1.3333,2.3333,0.4884,#24898c
-1,2.6667,0.4021,#25888c
-1.3333,2.6667,0.1828,#26848c
-1,2.3333,1.0852,#22928b
-0.6667,2.3333,1.9102,#2f9e82
-0.6667,2.6667,0.7044,#238c8c
-1,2.3333,1.0852,#22928b
-0.6667,2.6667,0.7044,#238c8c
-1,2.6667,0.4021,#25888c
-0.6667,2.3333,1.9102,#2f9e82
-0.3333,2.3333,2.6741,#3ba87a
-0.3333,2.6667,0.9847,#21918c
-0.6667,2.3333,1.9102,#2f9e82
-0.3333,2.6667,0.9847,#21918c
-0.6667,2.6667,0.7044,#238c8c
-0.3333,2.3333,2.6741,#3ba87a
0,2.3333,2.9876,#3fad77
0,2.6667,1.1002,#23928b
-0.3333,2.3333,2.6741,#3ba87a
0,2.6667,1.1002,#23928b
-0.3333,2.6667,0.9847,#21918c
0,2.3333,2.9876,#3fad77
0.3333,2.3333,2.6725,#3ba87a
0.3333,2.6667,0.9844,#21918c
0,2.3333,2.9876,#3fad77
0.3333,2.6667,0.9844,#21918c
0,2.6667,1.1002,#23928b
0.3333,2.3333,2.6725,#3ba87a
0.6667,2.3333,1.9203,#2f9e82
0.6667,2.6667,0.7064,#238c8c
0.3333,2.3333,2.6725,#3ba87a
0.6667,2.6667,0.7064,#238c8c
0.3333,2.6667,0.9844,#21918c
0.6667,2.3333,1.9203,#2f9e82
1,2.3333,1.1119,#23938b
1,2.6667,0.4072,#25888c
0.6667,2.3333,1.9203,#2f9e82
1,2.6667,0.4072,#25888c
0.6667,2.6667,0.7064,#238c8c
1,2.3333,1.1119,#23938b
1.3333,2.3333,0.5204,#24898c
1.3333,2.6667,0.1889,#26848c
1,2.3333,1.1119,#23938b
1.3333,2.6667,0.1889,#26848c
1,2.6667,0.4072,#25888c
1.3333,2.3333,0.5204,#24898c
1.6667,2.3333,0.1973,#26848c
1.6667,2.6667,0.0706,#27828c
1.3333,2.3333,0.5204,#24898c
1.6667,2.6667,0.0706,#27828c
1.3333,2.6667,0.1889,#26848c
1.6667,2.3333,0.1973,#26848c
2,2.3333,0.0607,#27828c
2,2.6667,0.0213,#27828c
1.6667,2.3333,0.1973,#26848c
2,2.6667,0.0213,#27828c
1.6667,2.6667,0.0706,#27828c
2,2.3333,0.0607,#27828c
2.3333,2.3333,0.0152,#27818c
2.3333,2.6667,0.0052,#27818c
2,2.3333,0.0607,#27828c
2.3333,2.6667,0.0052,#27818c
2,2.6667,0.0213,#27828c
2.3333,2.3333,0.0152,#27818c
2.6667,2.3333,0.0031,#27818c
2.6667,2.6667,0.001,#27818c
2.3333,2.3333,0.0152,#27818c
2.6667,2.6667,0.001,#27818c
2.3333,2.6667,0.0052,#27818c
2.6667,2.3333,0.0031,#27818c
3,2.3333,0.0005,#27818c
3,2.6667,0.0002,#27818c
2.6667,2.3333,0.0031,#27818c
3,2.6667,0.0002,#27818c
2.6667,2.6667,0.001,#27818c
-3,2.6667,0.0001,#27818c
-2.6667,2.6667,0.0008,#27818c
-2.6667,3,0.0002,#27818c
-3,2.6667,0.0001,#27818c
-2.6667,3,0.0002,#27818c
-3,3,0,#27818c
-2.6667,2.6667,0.0008,#27818c
-2.3333,2.6667,0.0043,#27818c
-2.3333,3,0.0012,#27818c
-2.6667,2.6667,0.0008,#27818c
-2.3333,3,0.0012,#27818c
-2.6667,3,0.0002,#27818c
-2.3333,2.6667,0.0043,#27818c
-2,2.6667,0.0189,#27828c
-2,3,0.0053,#27818c
-2.3333,2.6667,0.0043,#27818c
-2,3,0.0053,#27818c
-2.3333,3,0.0012,#27818c
-2,2.6667,0.0189,#27828c
-1.6667,2.6667,0.0661,#27828c
-1.6667,3,0.0183,#27828c
-2,2.6667,0.0189,#27828c
-1.6667,3,0.0183,#27828c
-2,3,0.0053,#27818c
-1.6667,2.6667,0.0661,#27828c
-1.3333,2.6667,0.1828,#26848c
-1.3333,3,0.0502,#27828c
-1.6667,2.6667,0.0661,#27828c
-1.3333,3,0.0502,#27828c
-1.6667,3,0.0183,#27828c
-1.3333,2.6667,0.1828,#26848c
-1,2.6667,0.4021,#25888c
-1,3,0.1099,#27838c
-1.3333,2.6667,0.1828,#26848c
-1,3,0.1099,#27838c
-1.3333,3,0.0502,#27828c
-1,2.6667,0.4021,#25888c
-0.6667,2.6667,0.7044,#238c8c
-0.6667,3,0.1921,#26848c
-1,2.6667,0.4021,#25888c
-0.6667,3,0.1921,#26848c
-1,3,0.1099,#27838c
-0.6667,2.6667,0.7044,#238c8c
-0.3333,2.6667,0.9847,#21918c
-0.3333,3,0.2684,#26858c
-0.6667,2.6667,0.7044,#238c8c
-0.3333,3,0.2684,#26858c
-0.6667,3,0.1921,#26848c
-0.3333,2.6667,0.9847,#21918c
0,2.6667,1.1002,#23928b
0,3,0.2999,#26868c
-0.3333,2.6667,0.9847,#21918c
0,3,0.2999,#26868c
-0.3333,3,0.2684,#26858c
0,2.6667,1.1002,#23928b
0.3333,2.6667,0.9844,#21918c
0.3333,3,0.2683,#26858c
0,2.6667,1.1002,#23928b
0.3333,3,0.2683,#26858c
0,3,0.2999,#26868c
0.3333,2.6667,0.9844,#21918c
0.6667,2.6667,0.7064,#238c8c
0.6667,3,0.1924,#26848c
0.3333,2.6667,0.9844,#21918c
0.6667,3,0.1924,#26848c
0.3333,3,0.2683,#26858c
0.6667,2.6667,0.7064,#238c8c
1,2.6667,0.4072,#25888c
1,3,0.1107,#27838c
0.6667,2.6667,0.7064,#238c8c
1,3,0.1107,#27838c
0.6667,3,0.1924,#26848c
1,2.6667,0.4072,#25888c
1.3333,2.6667,0.1889,#26848c
1.3333,3,0.0511,#27828c
1,2.6667,0.4072,#25888c
1.3333,3,0.0511,#27828c
1,3,0.1107,#27838c
1.3333,2.6667,0.1889,#26848c
1.6667,2.6667,0.0706,#27828c
1.6667,3,0.019,#27828c
1.3333,2.6667,0.1889,#26848c
1.6667,3,0.019,#27828c
1.3333,3,0.0511,#27828c
1.6667,2.6667,0.0706,#27828c
2,2.6667,0.0213,#27828c
2,3,0.0057,#27818c
1.6667,2.6667,0.0706,#27828c
2,3,0.0057,#27818c
1.6667,3,0.019,#27828c
2,2.6667,0.0213,#27828c
2.3333,2.6667,0.0052,#27818c
2.3333,3,0.0014,#27818c
2,2.6667,0.0213,#27828c
2.3333,3,0.0014,#27818c
2,3,0.0057,#27818c
2.3333,2.6667,0.0052,#27818c
2.6667,2.6667,0.001,#27818c
2.6667,3,0.0003,#27818c
2.3333,2.6667,0.0052,#27818c
2.6667,3,0.0003,#27818c
2.3333,3,0.0014,#27818c
2.6667,2.6667,0.001,#27818c
3,2.6667,0.0002,#27818c
3,3,0,#27818c
2.6667,2.6667,0.001,#27818c
3,3,0,#27818c
2.6667,3,0.0003,#27818c
